2026-10-06 09:05:12 | DEBUG   | logging:callHandlers:1737 | Using selector: KqueueSelector
2026-10-06 09:05:12 | INFO    | mail_municipalities.domain_resolver.clients.bfs:fetch_bfs_municipalities:86 | Fetching municipalities from BFS (date=01-01-2026)...
2026-10-06 09:05:12 | DEBUG   | mail_municipalities.domain_resolver.clients.bfs:fetch_bfs_municipalities:91 | BFS API response: 160 bytes in 0.0s
2026-10-06 09:05:12 | INFO    | mail_municipalities.domain_resolver.clients.bfs:fetch_bfs_municipalities:133 | BFS API: 2 municipalities
2026-10-06 09:05:12 | DEBUG   | logging:callHandlers:1737 | Using selector: KqueueSelector
2026-10-06 09:05:12 | INFO    | mail_municipalities.domain_resolver.clients.bfs:fetch_bfs_municipalities:86 | Fetching municipalities from BFS (date=01-01-2026)...
2026-10-06 09:05:12 | DEBUG   | mail_municipalities.domain_resolver.clients.bfs:fetch_bfs_municipalities:91 | BFS API response: 99 bytes in 0.0s
2026-10-06 09:05:12 | INFO    | mail_municipalities.domain_resolver.clients.bfs:fetch_bfs_municipalities:133 | BFS API: 1 municipalities
2026-10-06 09:05:12 | DEBUG   | logging:callHandlers:1737 | Using selector: KqueueSelector
2026-10-06 09:05:12 | INFO    | mail_municipalities.domain_resolver.clients.bfs:fetch_bfs_municipalities:86 | Fetching municipalities from BFS (date=01-01-2026)...
2026-10-06 09:05:12 | DEBUG   | mail_municipalities.domain_resolver.clients.bfs:fetch_bfs_municipalities:91 | BFS API response: 148 bytes in 0.0s
2026-10-06 09:05:12 | INFO    | mail_municipalities.domain_resolver.clients.bfs:fetch_bfs_municipalities:133 | BFS API: 1 municipalities
2026-10-06 09:05:12 | DEBUG   | logging:callHandlers:1737 | Using selector: KqueueSelector
2026-10-06 09:05:12 | INFO    | mail_municipalities.domain_resolver.clients.openplz:fetch_openplz_ch_municipalities:112 | OpenPLZ CH: 2 municipalities loaded
2026-10-06 09:05:12 | DEBUG   | logging:callHandlers:1737 | Using selector: KqueueSelector
2026-10-06 09:05:12 | INFO    | mail_municipalities.domain_resolver.clients.openplz:fetch_openplz_ch_municipalities:112 | OpenPLZ CH: 1 municipalities loaded
2026-10-06 09:05:12 | DEBUG   | logging:callHandlers:1737 | Using selector: KqueueSelector
2026-10-06 09:05:12 | INFO    | mail_municipalities.domain_resolver.clients.openplz:fetch_openplz_ch_municipalities:112 | OpenPLZ CH: 51 municipalities loaded
2026-10-06 09:05:12 | DEBUG   | logging:callHandlers:1737 | Using selector: KqueueSelector
2026-10-06 09:05:12 | INFO    | mail_municipalities.domain_resolver.clients.openplz:fetch_openplz_municipalities:55 | OpenPLZ AT: 2 municipalities loaded
2026-10-06 09:05:12 | DEBUG   | logging:callHandlers:1737 | Using selector: KqueueSelector
2026-10-06 09:05:12 | INFO    | mail_municipalities.domain_resolver.clients.openplz:fetch_openplz_municipalities:55 | OpenPLZ AT: 0 municipalities loaded
2026-10-06 09:05:12 | DEBUG   | logging:callHandlers:1737 | Using selector: KqueueSelector
2026-10-06 09:05:12 | INFO    | mail_municipalities.domain_resolver.clients.wikidata:fetch_wikidata:43 | Fetching municipalities from Wikidata (code_field=bfs)...
2026-10-06 09:05:12 | INFO    | mail_municipalities.domain_resolver.clients.wikidata:fetch_wikidata:75 | Wikidata: 2 municipalities, 1 with websites
2026-10-06 09:05:12 | DEBUG   | logging:callHandlers:1737 | Using selector: KqueueSelector
2026-10-06 09:05:12 | INFO    | mail_municipalities.domain_resolver.clients.wikidata:fetch_wikidata:43 | Fetching municipalities from Wikidata (code_field=bfs)...
2026-10-06 09:05:12 | INFO    | mail_municipalities.domain_resolver.clients.wikidata:fetch_wikidata:75 | Wikidata: 1 municipalities, 1 with websites
2026-10-06 09:05:12 | DEBUG   | logging:callHandlers:1737 | Using selector: KqueueSelector
2026-10-06 09:05:12 | INFO    | mail_municipalities.domain_resolver.clients.wikidata:fetch_wikidata:43 | Fetching municipalities from Wikidata (code_field=bfs)...
2026-10-06 09:05:12 | INFO    | mail_municipalities.domain_resolver.clients.wikidata:fetch_wikidata:75 | Wikidata: 0 municipalities, 0 with websites
2026-10-06 09:05:12 | DEBUG   | logging:callHandlers:1737 | Using selector: KqueueSelector
2026-10-06 09:05:12 | INFO    | mail_municipalities.domain_resolver.clients.wikidata:fetch_wikidata:43 | Fetching municipalities from Wikidata (code_field=bfs)...
2026-10-06 09:05:12 | INFO    | mail_municipalities.domain_resolver.clients.wikidata:fetch_wikidata:75 | Wikidata: 1 municipalities, 0 with websites
2026-10-06 09:05:12 | WARNING | logging:callHandlers:1737 | unable to cache publicsuffix.org-tlds.{'urls': ('https://publicsuffix.org/list/public_suffix_list.dat', 'https://raw.githubusercontent.com/publicsuffix/list/master/public_suffix_list.dat'), 'fallback_to_snapshot': True} in /Users/sven/.cache/python-tldextract/3.13.7.final__.venv__3cf779__tldextract-5.3.1/publicsuffix.org-tlds/de84b5ca2167d4c83e38fb162f2e8738.tldextract.json. This could refresh the Public Suffix List over HTTP every app startup. Construct your `TLDExtract` with a writable `cache_dir` or set `cache_dir=None` to silence this warning. [Errno 1] Operation not permitted: '/Users/sven/.cache/python-tldextract'
2026-10-06 09:05:12 | DEBUG   | logging:callHandlers:1737 | Starting new HTTPS connection (1): publicsuffix.org:443
2026-10-06 09:05:12 | WARNING | logging:callHandlers:1737 | Exception reading Public Suffix List url https://publicsuffix.org/list/public_suffix_list.dat
Traceback (most recent call last):

  File "/Users/sven/coding/secassure2026/.venv/lib/python3.13/site-packages/tldextract/cache.py", line 176, in run_and_cache
    _make_dir(cache_filepath)
    │         └ '/Users/sven/.cache/python-tldextract/3.13.7.final__.venv__3cf779__tldextract-5.3.1/publicsuffix.org-tlds/de84b5ca2167d4c83e3...
    └ <function _make_dir at 0x11462af20>
  File "/Users/sven/coding/secassure2026/.venv/lib/python3.13/site-packages/tldextract/cache.py", line 235, in _make_dir
    os.makedirs(os.path.dirname(filename))
    │  │        │  │    │       └ '/Users/sven/.cache/python-tldextract/3.13.7.final__.venv__3cf779__tldextract-5.3.1/publicsuffix.org-tlds/de84b5ca2167d4c83e3...
    │  │        │  │    └ <function dirname at 0x104fa7b00>
    │  │        │  └ <module 'posixpath' (frozen)>
    │  │        └ <module 'os' (frozen)>
    │  └ <function makedirs at 0x104f61120>
    └ <module 'os' (frozen)>
  File "<frozen os>", line 218, in makedirs
  File "<frozen os>", line 218, in makedirs
  File "<frozen os>", line 228, in makedirs

PermissionError: [Errno 1] Operation not permitted: '/Users/sven/.cache/python-tldextract'


During handling of the above exception, another exception occurred:


Traceback (most recent call last):

  File "/Users/sven/coding/secassure2026/.venv/lib/python3.13/site-packages/tldextract/cache.py", line 176, in run_and_cache
    _make_dir(cache_filepath)
    │         └ '/Users/sven/.cache/python-tldextract/3.13.7.final__.venv__3cf779__tldextract-5.3.1/urls/62bf135d1c2f3d4db4228b9ecaf507a2.tld...
    └ <function _make_dir at 0x11462af20>
  File "/Users/sven/coding/secassure2026/.venv/lib/python3.13/site-packages/tldextract/cache.py", line 235, in _make_dir
    os.makedirs(os.path.dirname(filename))
    │  │        │  │    │       └ '/Users/sven/.cache/python-tldextract/3.13.7.final__.venv__3cf779__tldextract-5.3.1/urls/62bf135d1c2f3d4db4228b9ecaf507a2.tld...
    │  │        │  │    └ <function dirname at 0x104fa7b00>
    │  │        │  └ <module 'posixpath' (frozen)>
    │  │        └ <module 'os' (frozen)>
    │  └ <function makedirs at 0x104f61120>
    └ <module 'os' (frozen)>
  File "<frozen os>", line 218, in makedirs
  File "<frozen os>", line 218, in makedirs
  File "<frozen os>", line 228, in makedirs

PermissionError: [Errno 1] Operation not permitted: '/Users/sven/.cache/python-tldextract'


During handling of the above exception, another exception occurred:


Traceback (most recent call last):

  File "/Users/sven/coding/secassure2026/.venv/lib/python3.13/site-packages/urllib3/connection.py", line 204, in _new_conn
    sock = connection.create_connection(
           │          └ <function create_connection at 0x1147caca0>
           └ <module 'urllib3.util.connection' from '/Users/sven/coding/secassure2026/.venv/lib/python3.13/site-packages/urllib3/util/conn...
  File "/Users/sven/coding/secassure2026/.venv/lib/python3.13/site-packages/urllib3/util/connection.py", line 60, in create_connection
    for res in socket.getaddrinfo(host, port, family, socket.SOCK_STREAM):
               │      │           │     │     │       │      └ <SocketKind.SOCK_STREAM: 1>
               │      │           │     │     │       └ <module 'socket' from '/Library/Frameworks/Python.framework/Versions/3.13/lib/python3.13/socket.py'>
               │      │           │     │     └ <AddressFamily.AF_INET: 2>
               │      │           │     └ 443
               │      │           └ 'publicsuffix.org'
               │      └ <function getaddrinfo at 0x10a56a700>
               └ <module 'socket' from '/Library/Frameworks/Python.framework/Versions/3.13/lib/python3.13/socket.py'>
  File "/Library/Frameworks/Python.framework/Versions/3.13/lib/python3.13/socket.py", line 977, in getaddrinfo
    for res in _socket.getaddrinfo(host, port, family, type, proto, flags):
               │       │           │     │     │       │     │      └ 0
               │       │           │     │     │       │     └ 0
               │       │           │     │     │       └ <SocketKind.SOCK_STREAM: 1>
               │       │           │     │     └ <AddressFamily.AF_INET: 2>
               │       │           │     └ 443
               │       │           └ 'publicsuffix.org'
               │       └ <built-in function getaddrinfo>
               └ <module '_socket' from '/Library/Frameworks/Python.framework/Versions/3.13/lib/python3.13/lib-dynload/_socket.cpython-313-dar...

socket.gaierror: [Errno 8] nodename nor servname provided, or not known


The above exception was the direct cause of the following exception:


Traceback (most recent call last):

  File "/Users/sven/coding/secassure2026/.venv/lib/python3.13/site-packages/urllib3/connectionpool.py", line 787, in urlopen
    response = self._make_request(
               │    └ <function HTTPConnectionPool._make_request at 0x114727ce0>
               └ <urllib3.connectionpool.HTTPSConnectionPool object at 0x114bf1e80>
  File "/Users/sven/coding/secassure2026/.venv/lib/python3.13/site-packages/urllib3/connectionpool.py", line 488, in _make_request
    raise new_e
          └ NameResolutionError("HTTPSConnection(host='publicsuffix.org', port=443): Failed to resolve 'publicsuffix.org' ([Errno 8] node...
  File "/Users/sven/coding/secassure2026/.venv/lib/python3.13/site-packages/urllib3/connectionpool.py", line 464, in _make_request
    self._validate_conn(conn)
    │    │              └ <HTTPSConnection(host='publicsuffix.org', port=443) at 0x114bf1010>
    │    └ <function HTTPSConnectionPool._validate_conn at 0x1147682c0>
    └ <urllib3.connectionpool.HTTPSConnectionPool object at 0x114bf1e80>
  File "/Users/sven/coding/secassure2026/.venv/lib/python3.13/site-packages/urllib3/connectionpool.py", line 1093, in _validate_conn
    conn.connect()
    │    └ <function HTTPSConnection.connect at 0x1146d79c0>
    └ <HTTPSConnection(host='publicsuffix.org', port=443) at 0x114bf1010>
  File "/Users/sven/coding/secassure2026/.venv/lib/python3.13/site-packages/urllib3/connection.py", line 759, in connect
    self.sock = sock = self._new_conn()
    │    │             │    └ <function HTTPConnection._new_conn at 0x1146d6fc0>
    │    │             └ <HTTPSConnection(host='publicsuffix.org', port=443) at 0x114bf1010>
    │    └ None
    └ <HTTPSConnection(host='publicsuffix.org', port=443) at 0x114bf1010>
  File "/Users/sven/coding/secassure2026/.venv/lib/python3.13/site-packages/urllib3/connection.py", line 211, in _new_conn
    raise NameResolutionError(self.host, self, e) from e
          │                   │    │     └ <HTTPSConnection(host='publicsuffix.org', port=443) at 0x114bf1010>
          │                   │    └ <property object at 0x11473c9f0>
          │                   └ <HTTPSConnection(host='publicsuffix.org', port=443) at 0x114bf1010>
          └ <class 'urllib3.exceptions.NameResolutionError'>

urllib3.exceptions.NameResolutionError: HTTPSConnection(host='publicsuffix.org', port=443): Failed to resolve 'publicsuffix.org' ([Errno 8] nodename nor servname provided, or not known)


The above exception was the direct cause of the following exception:


Traceback (most recent call last):

  File "/Users/sven/coding/secassure2026/.venv/lib/python3.13/site-packages/requests/adapters.py", line 645, in send
    resp = conn.urlopen(
           │    └ <function HTTPConnectionPool.urlopen at 0x114727ec0>
           └ <urllib3.connectionpool.HTTPSConnectionPool object at 0x114bf1e80>
  File "/Users/sven/coding/secassure2026/.venv/lib/python3.13/site-packages/urllib3/connectionpool.py", line 841, in urlopen
    retries = retries.increment(
              │       └ <function Retry.increment at 0x1146fdb20>
              └ Retry(total=0, connect=None, read=False, redirect=None, status=None)
  File "/Users/sven/coding/secassure2026/.venv/lib/python3.13/site-packages/urllib3/util/retry.py", line 535, in increment
    raise MaxRetryError(_pool, url, reason) from reason  # type: ignore[arg-type]
          │             │      │    │            └ NameResolutionError("HTTPSConnection(host='publicsuffix.org', port=443): Failed to resolve 'publicsuffix.org' ([Errno 8] node...
          │             │      │    └ NameResolutionError("HTTPSConnection(host='publicsuffix.org', port=443): Failed to resolve 'publicsuffix.org' ([Errno 8] node...
          │             │      └ '/list/public_suffix_list.dat'
          │             └ <urllib3.connectionpool.HTTPSConnectionPool object at 0x114bf1e80>
          └ <class 'urllib3.exceptions.MaxRetryError'>

urllib3.exceptions.MaxRetryError: HTTPSConnectionPool(host='publicsuffix.org', port=443): Max retries exceeded with url: /list/public_suffix_list.dat (Caused by NameResolutionError("HTTPSConnection(host='publicsuffix.org', port=443): Failed to resolve 'publicsuffix.org' ([Errno 8] nodename nor servname provided, or not known)"))


During handling of the above exception, another exception occurred:


Traceback (most recent call last):

  File "/Users/sven/coding/secassure2026/.venv/bin/pytest", line 10, in <module>
    sys.exit(console_main())
    │   │    └ <function console_main at 0x109ebad40>
    │   └ <built-in function exit>
    └ <module 'sys' (built-in)>
  File "/Users/sven/coding/secassure2026/.venv/lib/python3.13/site-packages/_pytest/config/__init__.py", line 223, in console_main
    code = main()
           └ <function main at 0x109ebaca0>
  File "/Users/sven/coding/secassure2026/.venv/lib/python3.13/site-packages/_pytest/config/__init__.py", line 199, in main
    ret: ExitCode | int = config.hook.pytest_cmdline_main(config=config)
         │                │      │    │                          └ <_pytest.config.Config object at 0x10a2fc050>
         │                │      │    └ <HookCaller 'pytest_cmdline_main'>
         │                │      └ <_pytest.config.compat.PathAwareHookProxy object at 0x10a2fcd70>
         │                └ <_pytest.config.Config object at 0x10a2fc050>
         └ <enum 'ExitCode'>
  File "/Users/sven/coding/secassure2026/.venv/lib/python3.13/site-packages/pluggy/_hooks.py", line 512, in __call__
    return self._hookexec(self.name, self._hookimpls.copy(), kwargs, firstresult)
           │    │         │    │     │    │                  │       └ True
           │    │         │    │     │    │                  └ {'config': <_pytest.config.Config object at 0x10a2fc050>}
           │    │         │    │     │    └ <member '_hookimpls' of 'HookCaller' objects>
           │    │         │    │     └ <HookCaller 'pytest_cmdline_main'>
           │    │         │    └ <member 'name' of 'HookCaller' objects>
           │    │         └ <HookCaller 'pytest_cmdline_main'>
           │    └ <member '_hookexec' of 'HookCaller' objects>
           └ <HookCaller 'pytest_cmdline_main'>
  File "/Users/sven/coding/secassure2026/.venv/lib/python3.13/site-packages/pluggy/_manager.py", line 120, in _hookexec
    return self._inner_hookexec(hook_name, methods, kwargs, firstresult)
           │    │               │          │        │       └ True
           │    │               │          │        └ {'config': <_pytest.config.Config object at 0x10a2fc050>}
           │    │               │          └ [<HookImpl plugin_name='main', plugin=<module '_pytest.main' from '/Users/sven/coding/secassure2026/.venv/lib/python3.13/site...
           │    │               └ 'pytest_cmdline_main'
           │    └ <function _multicall at 0x1052a1ee0>
           └ <_pytest.config.PytestPluginManager object at 0x104e5ef90>
  File "/Users/sven/coding/secassure2026/.venv/lib/python3.13/site-packages/pluggy/_callers.py", line 121, in _multicall
    res = hook_impl.function(*args)
          │         │         └ [<_pytest.config.Config object at 0x10a2fc050>]
          │         └ <member 'function' of 'HookImpl' objects>
          └ <HookImpl plugin_name='main', plugin=<module '_pytest.main' from '/Users/sven/coding/secassure2026/.venv/lib/python3.13/site-...
  File "/Users/sven/coding/secassure2026/.venv/lib/python3.13/site-packages/_pytest/main.py", line 365, in pytest_cmdline_main
    return wrap_session(config, _main)
           │            │       └ <function _main at 0x109f81f80>
           │            └ <_pytest.config.Config object at 0x10a2fc050>
           └ <function wrap_session at 0x109f81e40>
  File "/Users/sven/coding/secassure2026/.venv/lib/python3.13/site-packages/_pytest/main.py", line 318, in wrap_session
    session.exitstatus = doit(config, session) or 0
    │       │            │    │       └ <Session  exitstatus=<ExitCode.OK: 0> testsfailed=0 testscollected=979>
    │       │            │    └ <_pytest.config.Config object at 0x10a2fc050>
    │       │            └ <function _main at 0x109f81f80>
    │       └ <ExitCode.OK: 0>
    └ <Session  exitstatus=<ExitCode.OK: 0> testsfailed=0 testscollected=979>
  File "/Users/sven/coding/secassure2026/.venv/lib/python3.13/site-packages/_pytest/main.py", line 372, in _main
    config.hook.pytest_runtestloop(session=session)
    │      │    │                          └ <Session  exitstatus=<ExitCode.OK: 0> testsfailed=0 testscollected=979>
    │      │    └ <HookCaller 'pytest_runtestloop'>
    │      └ <_pytest.config.compat.PathAwareHookProxy object at 0x10a2fcd70>
    └ <_pytest.config.Config object at 0x10a2fc050>
  File "/Users/sven/coding/secassure2026/.venv/lib/python3.13/site-packages/pluggy/_hooks.py", line 512, in __call__
    return self._hookexec(self.name, self._hookimpls.copy(), kwargs, firstresult)
           │    │         │    │     │    │                  │       └ True
           │    │         │    │     │    │                  └ {'session': <Session  exitstatus=<ExitCode.OK: 0> testsfailed=0 testscollected=979>}
           │    │         │    │     │    └ <member '_hookimpls' of 'HookCaller' objects>
           │    │         │    │     └ <HookCaller 'pytest_runtestloop'>
           │    │         │    └ <member 'name' of 'HookCaller' objects>
           │    │         └ <HookCaller 'pytest_runtestloop'>
           │    └ <member '_hookexec' of 'HookCaller' objects>
           └ <HookCaller 'pytest_runtestloop'>
  File "/Users/sven/coding/secassure2026/.venv/lib/python3.13/site-packages/pluggy/_manager.py", line 120, in _hookexec
    return self._inner_hookexec(hook_name, methods, kwargs, firstresult)
           │    │               │          │        │       └ True
           │    │               │          │        └ {'session': <Session  exitstatus=<ExitCode.OK: 0> testsfailed=0 testscollected=979>}
           │    │               │          └ [<HookImpl plugin_name='main', plugin=<module '_pytest.main' from '/Users/sven/coding/secassure2026/.venv/lib/python3.13/site...
           │    │               └ 'pytest_runtestloop'
           │    └ <function _multicall at 0x1052a1ee0>
           └ <_pytest.config.PytestPluginManager object at 0x104e5ef90>
  File "/Users/sven/coding/secassure2026/.venv/lib/python3.13/site-packages/pluggy/_callers.py", line 121, in _multicall
    res = hook_impl.function(*args)
          │         │         └ [<Session  exitstatus=<ExitCode.OK: 0> testsfailed=0 testscollected=979>]
          │         └ <member 'function' of 'HookImpl' objects>
          └ <HookImpl plugin_name='main', plugin=<module '_pytest.main' from '/Users/sven/coding/secassure2026/.venv/lib/python3.13/site-...
  File "/Users/sven/coding/secassure2026/.venv/lib/python3.13/site-packages/_pytest/main.py", line 396, in pytest_runtestloop
    item.config.hook.pytest_runtest_protocol(item=item, nextitem=nextitem)
    │    │                                        │              └ <Function test_valid_de>
    │    │                                        └ <Function test_valid_ch>
    │    └ <member 'config' of 'Node' objects>
    └ <Function test_valid_ch>
  File "/Users/sven/coding/secassure2026/.venv/lib/python3.13/site-packages/pluggy/_hooks.py", line 512, in __call__
    return self._hookexec(self.name, self._hookimpls.copy(), kwargs, firstresult)
           │    │         │    │     │    │                  │       └ True
           │    │         │    │     │    │                  └ {'item': <Function test_valid_ch>, 'nextitem': <Function test_valid_de>}
           │    │         │    │     │    └ <member '_hookimpls' of 'HookCaller' objects>
           │    │         │    │     └ <HookCaller 'pytest_runtest_protocol'>
           │    │         │    └ <member 'name' of 'HookCaller' objects>
           │    │         └ <HookCaller 'pytest_runtest_protocol'>
           │    └ <member '_hookexec' of 'HookCaller' objects>
           └ <HookCaller 'pytest_runtest_protocol'>
  File "/Users/sven/coding/secassure2026/.venv/lib/python3.13/site-packages/pluggy/_manager.py", line 120, in _hookexec
    return self._inner_hookexec(hook_name, methods, kwargs, firstresult)
           │    │               │          │        │       └ True
           │    │               │          │        └ {'item': <Function test_valid_ch>, 'nextitem': <Function test_valid_de>}
           │    │               │          └ [<HookImpl plugin_name='runner', plugin=<module '_pytest.runner' from '/Users/sven/coding/secassure2026/.venv/lib/python3.13/...
           │    │               └ 'pytest_runtest_protocol'
           │    └ <function _multicall at 0x1052a1ee0>
           └ <_pytest.config.PytestPluginManager object at 0x104e5ef90>
  File "/Users/sven/coding/secassure2026/.venv/lib/python3.13/site-packages/pluggy/_callers.py", line 121, in _multicall
    res = hook_impl.function(*args)
          │         │         └ [<Function test_valid_ch>, <Function test_valid_de>]
          │         └ <member 'function' of 'HookImpl' objects>
          └ <HookImpl plugin_name='runner', plugin=<module '_pytest.runner' from '/Users/sven/coding/secassure2026/.venv/lib/python3.13/s...
  File "/Users/sven/coding/secassure2026/.venv/lib/python3.13/site-packages/_pytest/runner.py", line 118, in pytest_runtest_protocol
    runtestprotocol(item, nextitem=nextitem)
    │               │              └ <Function test_valid_de>
    │               └ <Function test_valid_ch>
    └ <function runtestprotocol at 0x109f81080>
  File "/Users/sven/coding/secassure2026/.venv/lib/python3.13/site-packages/_pytest/runner.py", line 137, in runtestprotocol
    reports.append(call_and_report(item, "call", log))
    │       │      │               │             └ True
    │       │      │               └ <Function test_valid_ch>
    │       │      └ <function call_and_report at 0x109f814e0>
    │       └ <method 'append' of 'list' objects>
    └ [<TestReport 'tests/domain_resolver/test_filtering.py::TestIsValidTld::test_valid_ch' when='setup' outcome='passed'>]
  File "/Users/sven/coding/secassure2026/.venv/lib/python3.13/site-packages/_pytest/runner.py", line 244, in call_and_report
    call = CallInfo.from_call(
           │        └ <classmethod(<function CallInfo.from_call at 0x109f818a0>)>
           └ <class '_pytest.runner.CallInfo'>
  File "/Users/sven/coding/secassure2026/.venv/lib/python3.13/site-packages/_pytest/runner.py", line 353, in from_call
    result: TResult | None = func()
            │                └ <function call_and_report.<locals>.<lambda> at 0x1150056c0>
            └ +TResult
  File "/Users/sven/coding/secassure2026/.venv/lib/python3.13/site-packages/_pytest/runner.py", line 245, in <lambda>
    lambda: runtest_hook(item=item, **kwds),
            │                 │       └ {}
            │                 └ <Function test_valid_ch>
            └ <HookCaller 'pytest_runtest_call'>
  File "/Users/sven/coding/secassure2026/.venv/lib/python3.13/site-packages/pluggy/_hooks.py", line 512, in __call__
    return self._hookexec(self.name, self._hookimpls.copy(), kwargs, firstresult)
           │    │         │    │     │    │                  │       └ False
           │    │         │    │     │    │                  └ {'item': <Function test_valid_ch>}
           │    │         │    │     │    └ <member '_hookimpls' of 'HookCaller' objects>
           │    │         │    │     └ <HookCaller 'pytest_runtest_call'>
           │    │         │    └ <member 'name' of 'HookCaller' objects>
           │    │         └ <HookCaller 'pytest_runtest_call'>
           │    └ <member '_hookexec' of 'HookCaller' objects>
           └ <HookCaller 'pytest_runtest_call'>
  File "/Users/sven/coding/secassure2026/.venv/lib/python3.13/site-packages/pluggy/_manager.py", line 120, in _hookexec
    return self._inner_hookexec(hook_name, methods, kwargs, firstresult)
           │    │               │          │        │       └ False
           │    │               │          │        └ {'item': <Function test_valid_ch>}
           │    │               │          └ [<HookImpl plugin_name='threadexception', plugin=<module '_pytest.threadexception' from '/Users/sven/coding/secassure2026/.ve...
           │    │               └ 'pytest_runtest_call'
           │    └ <function _multicall at 0x1052a1ee0>
           └ <_pytest.config.PytestPluginManager object at 0x104e5ef90>
  File "/Users/sven/coding/secassure2026/.venv/lib/python3.13/site-packages/pluggy/_callers.py", line 121, in _multicall
    res = hook_impl.function(*args)
          │         │         └ [<Function test_valid_ch>]
          │         └ <member 'function' of 'HookImpl' objects>
          └ <HookImpl plugin_name='runner', plugin=<module '_pytest.runner' from '/Users/sven/coding/secassure2026/.venv/lib/python3.13/s...
  File "/Users/sven/coding/secassure2026/.venv/lib/python3.13/site-packages/_pytest/runner.py", line 179, in pytest_runtest_call
    item.runtest()
    │    └ <function Function.runtest at 0x10a09e3e0>
    └ <Function test_valid_ch>
  File "/Users/sven/coding/secassure2026/.venv/lib/python3.13/site-packages/_pytest/python.py", line 1720, in runtest
    self.ihook.pytest_pyfunc_call(pyfuncitem=self)
    │    │                                   └ <Function test_valid_ch>
    │    └ <property object at 0x109ef0180>
    └ <Function test_valid_ch>
  File "/Users/sven/coding/secassure2026/.venv/lib/python3.13/site-packages/pluggy/_hooks.py", line 512, in __call__
    return self._hookexec(self.name, self._hookimpls.copy(), kwargs, firstresult)
           │    │         │    │     │    │                  │       └ True
           │    │         │    │     │    │                  └ {'pyfuncitem': <Function test_valid_ch>}
           │    │         │    │     │    └ <member '_hookimpls' of 'HookCaller' objects>
           │    │         │    │     └ <HookCaller 'pytest_pyfunc_call'>
           │    │         │    └ <member 'name' of 'HookCaller' objects>
           │    │         └ <HookCaller 'pytest_pyfunc_call'>
           │    └ <member '_hookexec' of 'HookCaller' objects>
           └ <HookCaller 'pytest_pyfunc_call'>
  File "/Users/sven/coding/secassure2026/.venv/lib/python3.13/site-packages/pluggy/_manager.py", line 120, in _hookexec
    return self._inner_hookexec(hook_name, methods, kwargs, firstresult)
           │    │               │          │        │       └ True
           │    │               │          │        └ {'pyfuncitem': <Function test_valid_ch>}
           │    │               │          └ [<HookImpl plugin_name='python', plugin=<module '_pytest.python' from '/Users/sven/coding/secassure2026/.venv/lib/python3.13/...
           │    │               └ 'pytest_pyfunc_call'
           │    └ <function _multicall at 0x1052a1ee0>
           └ <_pytest.config.PytestPluginManager object at 0x104e5ef90>
  File "/Users/sven/coding/secassure2026/.venv/lib/python3.13/site-packages/pluggy/_callers.py", line 121, in _multicall
    res = hook_impl.function(*args)
          │         │         └ [<Function test_valid_ch>]
          │         └ <member 'function' of 'HookImpl' objects>
          └ <HookImpl plugin_name='python', plugin=<module '_pytest.python' from '/Users/sven/coding/secassure2026/.venv/lib/python3.13/s...
  File "/Users/sven/coding/secassure2026/.venv/lib/python3.13/site-packages/_pytest/python.py", line 166, in pytest_pyfunc_call
    result = testfunction(**testargs)
             │              └ {}
             └ <bound method TestIsValidTld.test_valid_ch of <tests.domain_resolver.test_filtering.TestIsValidTld object at 0x11480b4d0>>

  File "/Users/sven/coding/secassure2026/tests/domain_resolver/test_filtering.py", line 26, in test_valid_ch
    assert is_valid_tld("example.ch") is True
           └ <function is_valid_tld at 0x1144cfe20>

  File "/Users/sven/coding/secassure2026/src/mail_municipalities/domain_resolver/filtering.py", line 18, in is_valid_tld
    ext = tldextract.extract(domain)
          │          │       └ 'example.ch'
          │          └ <function TLDExtract.__call__ at 0x1147c8860>
          └ <module 'tldextract' from '/Users/sven/coding/secassure2026/.venv/lib/python3.13/site-packages/tldextract/__init__.py'>

  File "/Users/sven/coding/secassure2026/.venv/lib/python3.13/site-packages/tldextract/tldextract.py", line 639, in extract
    return TLD_EXTRACTOR(
           └ <tldextract.tldextract.TLDExtract object at 0x114674ad0>
  File "/Users/sven/coding/secassure2026/.venv/lib/python3.13/site-packages/tldextract/tldextract.py", line 375, in __call__
    return self.extract_str(url, include_psl_private_domains, session=session)
           │    │           │    │                                    └ None
           │    │           │    └ False
           │    │           └ 'example.ch'
           │    └ <function TLDExtract.extract_str at 0x11462c680>
           └ <tldextract.tldextract.TLDExtract object at 0x114674ad0>
  File "/Users/sven/coding/secassure2026/.venv/lib/python3.13/site-packages/tldextract/tldextract.py", line 412, in extract_str
    return self._extract_netloc(
           │    └ <function TLDExtract._extract_netloc at 0x11462c7c0>
           └ <tldextract.tldextract.TLDExtract object at 0x114674ad0>
  File "/Users/sven/coding/secassure2026/.venv/lib/python3.13/site-packages/tldextract/tldextract.py", line 476, in _extract_netloc
    maybe_indexes = self._get_tld_extractor(session).suffix_index(
                    │    │                  └ None
                    │    └ <function TLDExtract._get_tld_extractor at 0x11462c9a0>
                    └ <tldextract.tldextract.TLDExtract object at 0x114674ad0>
  File "/Users/sven/coding/secassure2026/.venv/lib/python3.13/site-packages/tldextract/tldextract.py", line 561, in _get_tld_extractor
    public_tlds, private_tlds = get_suffix_lists(
                                └ <function get_suffix_lists at 0x11462b9c0>
  File "/Users/sven/coding/secassure2026/.venv/lib/python3.13/site-packages/tldextract/suffix_list.py", line 81, in get_suffix_lists
    return cache.run_and_cache(
           │     └ <function DiskCache.run_and_cache at 0x11462ad40>
           └ <tldextract.cache.DiskCache object at 0x114675940>
  File "/Users/sven/coding/secassure2026/.venv/lib/python3.13/site-packages/tldextract/cache.py", line 192, in run_and_cache
    return func(**kwargs)
           │      └ {'cache': <tldextract.cache.DiskCache object at 0x114675940>, 'urls': ('https://publicsuffix.org/list/public_suffix_list.dat'...
           └ <function _get_suffix_lists at 0x11462bba0>
  File "/Users/sven/coding/secassure2026/.venv/lib/python3.13/site-packages/tldextract/suffix_list.py", line 104, in _get_suffix_lists
    text = find_first_response(
           └ <function find_first_response at 0x1145d4400>
> File "/Users/sven/coding/secassure2026/.venv/lib/python3.13/site-packages/tldextract/suffix_list.py", line 44, in find_first_response
    return cache.cached_fetch_url(
           │     └ <function DiskCache.cached_fetch_url at 0x11462ade0>
           └ <tldextract.cache.DiskCache object at 0x114675940>
  File "/Users/sven/coding/secassure2026/.venv/lib/python3.13/site-packages/tldextract/cache.py", line 207, in cached_fetch_url
    return self.run_and_cache(
           │    └ <function DiskCache.run_and_cache at 0x11462ad40>
           └ <tldextract.cache.DiskCache object at 0x114675940>
  File "/Users/sven/coding/secassure2026/.venv/lib/python3.13/site-packages/tldextract/cache.py", line 192, in run_and_cache
    return func(**kwargs)
           │      └ {'session': <requests.sessions.Session object at 0x1150ffcb0>, 'url': 'https://publicsuffix.org/list/public_suffix_list.dat',...
           └ <function _fetch_url at 0x11462aa20>
  File "/Users/sven/coding/secassure2026/.venv/lib/python3.13/site-packages/tldextract/cache.py", line 216, in _fetch_url
    response = session.get(url, timeout=timeout)
               │       │   │            └ None
               │       │   └ 'https://publicsuffix.org/list/public_suffix_list.dat'
               │       └ <function Session.get at 0x114673380>
               └ <requests.sessions.Session object at 0x1150ffcb0>
  File "/Users/sven/coding/secassure2026/.venv/lib/python3.13/site-packages/requests/sessions.py", line 605, in get
    return self.request("GET", url, **kwargs)
           │    │              │      └ {'timeout': None, 'allow_redirects': True}
           │    │              └ 'https://publicsuffix.org/list/public_suffix_list.dat'
           │    └ <function Session.request at 0x1146732e0>
           └ <requests.sessions.Session object at 0x1150ffcb0>
  File "/Users/sven/coding/secassure2026/.venv/lib/python3.13/site-packages/requests/sessions.py", line 592, in request
    resp = self.send(prep, **send_kwargs)
           │    │    │       └ {'timeout': None, 'allow_redirects': True, 'proxies': OrderedDict(), 'stream': False, 'verify': True, 'cert': None}
           │    │    └ <PreparedRequest [GET]>
           │    └ <function Session.send at 0x1146737e0>
           └ <requests.sessions.Session object at 0x1150ffcb0>
  File "/Users/sven/coding/secassure2026/.venv/lib/python3.13/site-packages/requests/sessions.py", line 706, in send
    r = adapter.send(request, **kwargs)
        │       │    │          └ {'timeout': None, 'proxies': OrderedDict(), 'stream': False, 'verify': True, 'cert': None}
        │       │    └ <PreparedRequest [GET]>
        │       └ <function HTTPAdapter.send at 0x114672b60>
        └ <requests.adapters.HTTPAdapter object at 0x1150ff4d0>
  File "/Users/sven/coding/secassure2026/.venv/lib/python3.13/site-packages/requests/adapters.py", line 678, in send
    raise ConnectionError(e, request=request)
          │                          └ <PreparedRequest [GET]>
          └ <class 'requests.exceptions.ConnectionError'>

requests.exceptions.ConnectionError: HTTPSConnectionPool(host='publicsuffix.org', port=443): Max retries exceeded with url: /list/public_suffix_list.dat (Caused by NameResolutionError("HTTPSConnection(host='publicsuffix.org', port=443): Failed to resolve 'publicsuffix.org' ([Errno 8] nodename nor servname provided, or not known)"))
2026-10-06 09:05:12 | DEBUG   | logging:callHandlers:1737 | Starting new HTTPS connection (1): raw.githubusercontent.com:443
2026-10-06 09:05:12 | WARNING | logging:callHandlers:1737 | Exception reading Public Suffix List url https://raw.githubusercontent.com/publicsuffix/list/master/public_suffix_list.dat
Traceback (most recent call last):

  File "/Users/sven/coding/secassure2026/.venv/lib/python3.13/site-packages/tldextract/cache.py", line 176, in run_and_cache
    _make_dir(cache_filepath)
    │         └ '/Users/sven/.cache/python-tldextract/3.13.7.final__.venv__3cf779__tldextract-5.3.1/publicsuffix.org-tlds/de84b5ca2167d4c83e3...
    └ <function _make_dir at 0x11462af20>
  File "/Users/sven/coding/secassure2026/.venv/lib/python3.13/site-packages/tldextract/cache.py", line 235, in _make_dir
    os.makedirs(os.path.dirname(filename))
    │  │        │  │    │       └ '/Users/sven/.cache/python-tldextract/3.13.7.final__.venv__3cf779__tldextract-5.3.1/publicsuffix.org-tlds/de84b5ca2167d4c83e3...
    │  │        │  │    └ <function dirname at 0x104fa7b00>
    │  │        │  └ <module 'posixpath' (frozen)>
    │  │        └ <module 'os' (frozen)>
    │  └ <function makedirs at 0x104f61120>
    └ <module 'os' (frozen)>
  File "<frozen os>", line 218, in makedirs
  File "<frozen os>", line 218, in makedirs
  File "<frozen os>", line 228, in makedirs

PermissionError: [Errno 1] Operation not permitted: '/Users/sven/.cache/python-tldextract'


During handling of the above exception, another exception occurred:


Traceback (most recent call last):

  File "/Users/sven/coding/secassure2026/.venv/lib/python3.13/site-packages/tldextract/cache.py", line 176, in run_and_cache
    _make_dir(cache_filepath)
    │         └ '/Users/sven/.cache/python-tldextract/3.13.7.final__.venv__3cf779__tldextract-5.3.1/urls/2857a861fad3e342b67f126bcac61993.tld...
    └ <function _make_dir at 0x11462af20>
  File "/Users/sven/coding/secassure2026/.venv/lib/python3.13/site-packages/tldextract/cache.py", line 235, in _make_dir
    os.makedirs(os.path.dirname(filename))
    │  │        │  │    │       └ '/Users/sven/.cache/python-tldextract/3.13.7.final__.venv__3cf779__tldextract-5.3.1/urls/2857a861fad3e342b67f126bcac61993.tld...
    │  │        │  │    └ <function dirname at 0x104fa7b00>
    │  │        │  └ <module 'posixpath' (frozen)>
    │  │        └ <module 'os' (frozen)>
    │  └ <function makedirs at 0x104f61120>
    └ <module 'os' (frozen)>
  File "<frozen os>", line 218, in makedirs
  File "<frozen os>", line 218, in makedirs
  File "<frozen os>", line 228, in makedirs

PermissionError: [Errno 1] Operation not permitted: '/Users/sven/.cache/python-tldextract'


During handling of the above exception, another exception occurred:


Traceback (most recent call last):

  File "/Users/sven/coding/secassure2026/.venv/lib/python3.13/site-packages/urllib3/connection.py", line 204, in _new_conn
    sock = connection.create_connection(
           │          └ <function create_connection at 0x1147caca0>
           └ <module 'urllib3.util.connection' from '/Users/sven/coding/secassure2026/.venv/lib/python3.13/site-packages/urllib3/util/conn...
  File "/Users/sven/coding/secassure2026/.venv/lib/python3.13/site-packages/urllib3/util/connection.py", line 60, in create_connection
    for res in socket.getaddrinfo(host, port, family, socket.SOCK_STREAM):
               │      │           │     │     │       │      └ <SocketKind.SOCK_STREAM: 1>
               │      │           │     │     │       └ <module 'socket' from '/Library/Frameworks/Python.framework/Versions/3.13/lib/python3.13/socket.py'>
               │      │           │     │     └ <AddressFamily.AF_INET: 2>
               │      │           │     └ 443
               │      │           └ 'raw.githubusercontent.com'
               │      └ <function getaddrinfo at 0x10a56a700>
               └ <module 'socket' from '/Library/Frameworks/Python.framework/Versions/3.13/lib/python3.13/socket.py'>
  File "/Library/Frameworks/Python.framework/Versions/3.13/lib/python3.13/socket.py", line 977, in getaddrinfo
    for res in _socket.getaddrinfo(host, port, family, type, proto, flags):
               │       │           │     │     │       │     │      └ 0
               │       │           │     │     │       │     └ 0
               │       │           │     │     │       └ <SocketKind.SOCK_STREAM: 1>
               │       │           │     │     └ <AddressFamily.AF_INET: 2>
               │       │           │     └ 443
               │       │           └ 'raw.githubusercontent.com'
               │       └ <built-in function getaddrinfo>
               └ <module '_socket' from '/Library/Frameworks/Python.framework/Versions/3.13/lib/python3.13/lib-dynload/_socket.cpython-313-dar...

socket.gaierror: [Errno 8] nodename nor servname provided, or not known


The above exception was the direct cause of the following exception:


Traceback (most recent call last):

  File "/Users/sven/coding/secassure2026/.venv/lib/python3.13/site-packages/urllib3/connectionpool.py", line 787, in urlopen
    response = self._make_request(
               │    └ <function HTTPConnectionPool._make_request at 0x114727ce0>
               └ <urllib3.connectionpool.HTTPSConnectionPool object at 0x114d43c50>
  File "/Users/sven/coding/secassure2026/.venv/lib/python3.13/site-packages/urllib3/connectionpool.py", line 488, in _make_request
    raise new_e
          └ NameResolutionError("HTTPSConnection(host='raw.githubusercontent.com', port=443): Failed to resolve 'raw.githubusercontent.co...
  File "/Users/sven/coding/secassure2026/.venv/lib/python3.13/site-packages/urllib3/connectionpool.py", line 464, in _make_request
    self._validate_conn(conn)
    │    │              └ <HTTPSConnection(host='raw.githubusercontent.com', port=443) at 0x114d42fd0>
    │    └ <function HTTPSConnectionPool._validate_conn at 0x1147682c0>
    └ <urllib3.connectionpool.HTTPSConnectionPool object at 0x114d43c50>
  File "/Users/sven/coding/secassure2026/.venv/lib/python3.13/site-packages/urllib3/connectionpool.py", line 1093, in _validate_conn
    conn.connect()
    │    └ <function HTTPSConnection.connect at 0x1146d79c0>
    └ <HTTPSConnection(host='raw.githubusercontent.com', port=443) at 0x114d42fd0>
  File "/Users/sven/coding/secassure2026/.venv/lib/python3.13/site-packages/urllib3/connection.py", line 759, in connect
    self.sock = sock = self._new_conn()
    │    │             │    └ <function HTTPConnection._new_conn at 0x1146d6fc0>
    │    │             └ <HTTPSConnection(host='raw.githubusercontent.com', port=443) at 0x114d42fd0>
    │    └ None
    └ <HTTPSConnection(host='raw.githubusercontent.com', port=443) at 0x114d42fd0>
  File "/Users/sven/coding/secassure2026/.venv/lib/python3.13/site-packages/urllib3/connection.py", line 211, in _new_conn
    raise NameResolutionError(self.host, self, e) from e
          │                   │    │     └ <HTTPSConnection(host='raw.githubusercontent.com', port=443) at 0x114d42fd0>
          │                   │    └ <property object at 0x11473c9f0>
          │                   └ <HTTPSConnection(host='raw.githubusercontent.com', port=443) at 0x114d42fd0>
          └ <class 'urllib3.exceptions.NameResolutionError'>

urllib3.exceptions.NameResolutionError: HTTPSConnection(host='raw.githubusercontent.com', port=443): Failed to resolve 'raw.githubusercontent.com' ([Errno 8] nodename nor servname provided, or not known)


The above exception was the direct cause of the following exception:


Traceback (most recent call last):

  File "/Users/sven/coding/secassure2026/.venv/lib/python3.13/site-packages/requests/adapters.py", line 645, in send
    resp = conn.urlopen(
           │    └ <function HTTPConnectionPool.urlopen at 0x114727ec0>
           └ <urllib3.connectionpool.HTTPSConnectionPool object at 0x114d43c50>
  File "/Users/sven/coding/secassure2026/.venv/lib/python3.13/site-packages/urllib3/connectionpool.py", line 841, in urlopen
    retries = retries.increment(
              │       └ <function Retry.increment at 0x1146fdb20>
              └ Retry(total=0, connect=None, read=False, redirect=None, status=None)
  File "/Users/sven/coding/secassure2026/.venv/lib/python3.13/site-packages/urllib3/util/retry.py", line 535, in increment
    raise MaxRetryError(_pool, url, reason) from reason  # type: ignore[arg-type]
          │             │      │    │            └ NameResolutionError("HTTPSConnection(host='raw.githubusercontent.com', port=443): Failed to resolve 'raw.githubusercontent.co...
          │             │      │    └ NameResolutionError("HTTPSConnection(host='raw.githubusercontent.com', port=443): Failed to resolve 'raw.githubusercontent.co...
          │             │      └ '/publicsuffix/list/master/public_suffix_list.dat'
          │             └ <urllib3.connectionpool.HTTPSConnectionPool object at 0x114d43c50>
          └ <class 'urllib3.exceptions.MaxRetryError'>

urllib3.exceptions.MaxRetryError: HTTPSConnectionPool(host='raw.githubusercontent.com', port=443): Max retries exceeded with url: /publicsuffix/list/master/public_suffix_list.dat (Caused by NameResolutionError("HTTPSConnection(host='raw.githubusercontent.com', port=443): Failed to resolve 'raw.githubusercontent.com' ([Errno 8] nodename nor servname provided, or not known)"))


During handling of the above exception, another exception occurred:


Traceback (most recent call last):

  File "/Users/sven/coding/secassure2026/.venv/bin/pytest", line 10, in <module>
    sys.exit(console_main())
    │   │    └ <function console_main at 0x109ebad40>
    │   └ <built-in function exit>
    └ <module 'sys' (built-in)>
  File "/Users/sven/coding/secassure2026/.venv/lib/python3.13/site-packages/_pytest/config/__init__.py", line 223, in console_main
    code = main()
           └ <function main at 0x109ebaca0>
  File "/Users/sven/coding/secassure2026/.venv/lib/python3.13/site-packages/_pytest/config/__init__.py", line 199, in main
    ret: ExitCode | int = config.hook.pytest_cmdline_main(config=config)
         │                │      │    │                          └ <_pytest.config.Config object at 0x10a2fc050>
         │                │      │    └ <HookCaller 'pytest_cmdline_main'>
         │                │      └ <_pytest.config.compat.PathAwareHookProxy object at 0x10a2fcd70>
         │                └ <_pytest.config.Config object at 0x10a2fc050>
         └ <enum 'ExitCode'>
  File "/Users/sven/coding/secassure2026/.venv/lib/python3.13/site-packages/pluggy/_hooks.py", line 512, in __call__
    return self._hookexec(self.name, self._hookimpls.copy(), kwargs, firstresult)
           │    │         │    │     │    │                  │       └ True
           │    │         │    │     │    │                  └ {'config': <_pytest.config.Config object at 0x10a2fc050>}
           │    │         │    │     │    └ <member '_hookimpls' of 'HookCaller' objects>
           │    │         │    │     └ <HookCaller 'pytest_cmdline_main'>
           │    │         │    └ <member 'name' of 'HookCaller' objects>
           │    │         └ <HookCaller 'pytest_cmdline_main'>
           │    └ <member '_hookexec' of 'HookCaller' objects>
           └ <HookCaller 'pytest_cmdline_main'>
  File "/Users/sven/coding/secassure2026/.venv/lib/python3.13/site-packages/pluggy/_manager.py", line 120, in _hookexec
    return self._inner_hookexec(hook_name, methods, kwargs, firstresult)
           │    │               │          │        │       └ True
           │    │               │          │        └ {'config': <_pytest.config.Config object at 0x10a2fc050>}
           │    │               │          └ [<HookImpl plugin_name='main', plugin=<module '_pytest.main' from '/Users/sven/coding/secassure2026/.venv/lib/python3.13/site...
           │    │               └ 'pytest_cmdline_main'
           │    └ <function _multicall at 0x1052a1ee0>
           └ <_pytest.config.PytestPluginManager object at 0x104e5ef90>
  File "/Users/sven/coding/secassure2026/.venv/lib/python3.13/site-packages/pluggy/_callers.py", line 121, in _multicall
    res = hook_impl.function(*args)
          │         │         └ [<_pytest.config.Config object at 0x10a2fc050>]
          │         └ <member 'function' of 'HookImpl' objects>
          └ <HookImpl plugin_name='main', plugin=<module '_pytest.main' from '/Users/sven/coding/secassure2026/.venv/lib/python3.13/site-...
  File "/Users/sven/coding/secassure2026/.venv/lib/python3.13/site-packages/_pytest/main.py", line 365, in pytest_cmdline_main
    return wrap_session(config, _main)
           │            │       └ <function _main at 0x109f81f80>
           │            └ <_pytest.config.Config object at 0x10a2fc050>
           └ <function wrap_session at 0x109f81e40>
  File "/Users/sven/coding/secassure2026/.venv/lib/python3.13/site-packages/_pytest/main.py", line 318, in wrap_session
    session.exitstatus = doit(config, session) or 0
    │       │            │    │       └ <Session  exitstatus=<ExitCode.OK: 0> testsfailed=0 testscollected=979>
    │       │            │    └ <_pytest.config.Config object at 0x10a2fc050>
    │       │            └ <function _main at 0x109f81f80>
    │       └ <ExitCode.OK: 0>
    └ <Session  exitstatus=<ExitCode.OK: 0> testsfailed=0 testscollected=979>
  File "/Users/sven/coding/secassure2026/.venv/lib/python3.13/site-packages/_pytest/main.py", line 372, in _main
    config.hook.pytest_runtestloop(session=session)
    │      │    │                          └ <Session  exitstatus=<ExitCode.OK: 0> testsfailed=0 testscollected=979>
    │      │    └ <HookCaller 'pytest_runtestloop'>
    │      └ <_pytest.config.compat.PathAwareHookProxy object at 0x10a2fcd70>
    └ <_pytest.config.Config object at 0x10a2fc050>
  File "/Users/sven/coding/secassure2026/.venv/lib/python3.13/site-packages/pluggy/_hooks.py", line 512, in __call__
    return self._hookexec(self.name, self._hookimpls.copy(), kwargs, firstresult)
           │    │         │    │     │    │                  │       └ True
           │    │         │    │     │    │                  └ {'session': <Session  exitstatus=<ExitCode.OK: 0> testsfailed=0 testscollected=979>}
           │    │         │    │     │    └ <member '_hookimpls' of 'HookCaller' objects>
           │    │         │    │     └ <HookCaller 'pytest_runtestloop'>
           │    │         │    └ <member 'name' of 'HookCaller' objects>
           │    │         └ <HookCaller 'pytest_runtestloop'>
           │    └ <member '_hookexec' of 'HookCaller' objects>
           └ <HookCaller 'pytest_runtestloop'>
  File "/Users/sven/coding/secassure2026/.venv/lib/python3.13/site-packages/pluggy/_manager.py", line 120, in _hookexec
    return self._inner_hookexec(hook_name, methods, kwargs, firstresult)
           │    │               │          │        │       └ True
           │    │               │          │        └ {'session': <Session  exitstatus=<ExitCode.OK: 0> testsfailed=0 testscollected=979>}
           │    │               │          └ [<HookImpl plugin_name='main', plugin=<module '_pytest.main' from '/Users/sven/coding/secassure2026/.venv/lib/python3.13/site...
           │    │               └ 'pytest_runtestloop'
           │    └ <function _multicall at 0x1052a1ee0>
           └ <_pytest.config.PytestPluginManager object at 0x104e5ef90>
  File "/Users/sven/coding/secassure2026/.venv/lib/python3.13/site-packages/pluggy/_callers.py", line 121, in _multicall
    res = hook_impl.function(*args)
          │         │         └ [<Session  exitstatus=<ExitCode.OK: 0> testsfailed=0 testscollected=979>]
          │         └ <member 'function' of 'HookImpl' objects>
          └ <HookImpl plugin_name='main', plugin=<module '_pytest.main' from '/Users/sven/coding/secassure2026/.venv/lib/python3.13/site-...
  File "/Users/sven/coding/secassure2026/.venv/lib/python3.13/site-packages/_pytest/main.py", line 396, in pytest_runtestloop
    item.config.hook.pytest_runtest_protocol(item=item, nextitem=nextitem)
    │    │                                        │              └ <Function test_valid_de>
    │    │                                        └ <Function test_valid_ch>
    │    └ <member 'config' of 'Node' objects>
    └ <Function test_valid_ch>
  File "/Users/sven/coding/secassure2026/.venv/lib/python3.13/site-packages/pluggy/_hooks.py", line 512, in __call__
    return self._hookexec(self.name, self._hookimpls.copy(), kwargs, firstresult)
           │    │         │    │     │    │                  │       └ True
           │    │         │    │     │    │                  └ {'item': <Function test_valid_ch>, 'nextitem': <Function test_valid_de>}
           │    │         │    │     │    └ <member '_hookimpls' of 'HookCaller' objects>
           │    │         │    │     └ <HookCaller 'pytest_runtest_protocol'>
           │    │         │    └ <member 'name' of 'HookCaller' objects>
           │    │         └ <HookCaller 'pytest_runtest_protocol'>
           │    └ <member '_hookexec' of 'HookCaller' objects>
           └ <HookCaller 'pytest_runtest_protocol'>
  File "/Users/sven/coding/secassure2026/.venv/lib/python3.13/site-packages/pluggy/_manager.py", line 120, in _hookexec
    return self._inner_hookexec(hook_name, methods, kwargs, firstresult)
           │    │               │          │        │       └ True
           │    │               │          │        └ {'item': <Function test_valid_ch>, 'nextitem': <Function test_valid_de>}
           │    │               │          └ [<HookImpl plugin_name='runner', plugin=<module '_pytest.runner' from '/Users/sven/coding/secassure2026/.venv/lib/python3.13/...
           │    │               └ 'pytest_runtest_protocol'
           │    └ <function _multicall at 0x1052a1ee0>
           └ <_pytest.config.PytestPluginManager object at 0x104e5ef90>
  File "/Users/sven/coding/secassure2026/.venv/lib/python3.13/site-packages/pluggy/_callers.py", line 121, in _multicall
    res = hook_impl.function(*args)
          │         │         └ [<Function test_valid_ch>, <Function test_valid_de>]
          │         └ <member 'function' of 'HookImpl' objects>
          └ <HookImpl plugin_name='runner', plugin=<module '_pytest.runner' from '/Users/sven/coding/secassure2026/.venv/lib/python3.13/s...
  File "/Users/sven/coding/secassure2026/.venv/lib/python3.13/site-packages/_pytest/runner.py", line 118, in pytest_runtest_protocol
    runtestprotocol(item, nextitem=nextitem)
    │               │              └ <Function test_valid_de>
    │               └ <Function test_valid_ch>
    └ <function runtestprotocol at 0x109f81080>
  File "/Users/sven/coding/secassure2026/.venv/lib/python3.13/site-packages/_pytest/runner.py", line 137, in runtestprotocol
    reports.append(call_and_report(item, "call", log))
    │       │      │               │             └ True
    │       │      │               └ <Function test_valid_ch>
    │       │      └ <function call_and_report at 0x109f814e0>
    │       └ <method 'append' of 'list' objects>
    └ [<TestReport 'tests/domain_resolver/test_filtering.py::TestIsValidTld::test_valid_ch' when='setup' outcome='passed'>]
  File "/Users/sven/coding/secassure2026/.venv/lib/python3.13/site-packages/_pytest/runner.py", line 244, in call_and_report
    call = CallInfo.from_call(
           │        └ <classmethod(<function CallInfo.from_call at 0x109f818a0>)>
           └ <class '_pytest.runner.CallInfo'>
  File "/Users/sven/coding/secassure2026/.venv/lib/python3.13/site-packages/_pytest/runner.py", line 353, in from_call
    result: TResult | None = func()
            │                └ <function call_and_report.<locals>.<lambda> at 0x1150056c0>
            └ +TResult
  File "/Users/sven/coding/secassure2026/.venv/lib/python3.13/site-packages/_pytest/runner.py", line 245, in <lambda>
    lambda: runtest_hook(item=item, **kwds),
            │                 │       └ {}
            │                 └ <Function test_valid_ch>
            └ <HookCaller 'pytest_runtest_call'>
  File "/Users/sven/coding/secassure2026/.venv/lib/python3.13/site-packages/pluggy/_hooks.py", line 512, in __call__
    return self._hookexec(self.name, self._hookimpls.copy(), kwargs, firstresult)
           │    │         │    │     │    │                  │       └ False
           │    │         │    │     │    │                  └ {'item': <Function test_valid_ch>}
           │    │         │    │     │    └ <member '_hookimpls' of 'HookCaller' objects>
           │    │         │    │     └ <HookCaller 'pytest_runtest_call'>
           │    │         │    └ <member 'name' of 'HookCaller' objects>
           │    │         └ <HookCaller 'pytest_runtest_call'>
           │    └ <member '_hookexec' of 'HookCaller' objects>
           └ <HookCaller 'pytest_runtest_call'>
  File "/Users/sven/coding/secassure2026/.venv/lib/python3.13/site-packages/pluggy/_manager.py", line 120, in _hookexec
    return self._inner_hookexec(hook_name, methods, kwargs, firstresult)
           │    │               │          │        │       └ False
           │    │               │          │        └ {'item': <Function test_valid_ch>}
           │    │               │          └ [<HookImpl plugin_name='threadexception', plugin=<module '_pytest.threadexception' from '/Users/sven/coding/secassure2026/.ve...
           │    │               └ 'pytest_runtest_call'
           │    └ <function _multicall at 0x1052a1ee0>
           └ <_pytest.config.PytestPluginManager object at 0x104e5ef90>
  File "/Users/sven/coding/secassure2026/.venv/lib/python3.13/site-packages/pluggy/_callers.py", line 121, in _multicall
    res = hook_impl.function(*args)
          │         │         └ [<Function test_valid_ch>]
          │         └ <member 'function' of 'HookImpl' objects>
          └ <HookImpl plugin_name='runner', plugin=<module '_pytest.runner' from '/Users/sven/coding/secassure2026/.venv/lib/python3.13/s...
  File "/Users/sven/coding/secassure2026/.venv/lib/python3.13/site-packages/_pytest/runner.py", line 179, in pytest_runtest_call
    item.runtest()
    │    └ <function Function.runtest at 0x10a09e3e0>
    └ <Function test_valid_ch>
  File "/Users/sven/coding/secassure2026/.venv/lib/python3.13/site-packages/_pytest/python.py", line 1720, in runtest
    self.ihook.pytest_pyfunc_call(pyfuncitem=self)
    │    │                                   └ <Function test_valid_ch>
    │    └ <property object at 0x109ef0180>
    └ <Function test_valid_ch>
  File "/Users/sven/coding/secassure2026/.venv/lib/python3.13/site-packages/pluggy/_hooks.py", line 512, in __call__
    return self._hookexec(self.name, self._hookimpls.copy(), kwargs, firstresult)
           │    │         │    │     │    │                  │       └ True
           │    │         │    │     │    │                  └ {'pyfuncitem': <Function test_valid_ch>}
           │    │         │    │     │    └ <member '_hookimpls' of 'HookCaller' objects>
           │    │         │    │     └ <HookCaller 'pytest_pyfunc_call'>
           │    │         │    └ <member 'name' of 'HookCaller' objects>
           │    │         └ <HookCaller 'pytest_pyfunc_call'>
           │    └ <member '_hookexec' of 'HookCaller' objects>
           └ <HookCaller 'pytest_pyfunc_call'>
  File "/Users/sven/coding/secassure2026/.venv/lib/python3.13/site-packages/pluggy/_manager.py", line 120, in _hookexec
    return self._inner_hookexec(hook_name, methods, kwargs, firstresult)
           │    │               │          │        │       └ True
           │    │               │          │        └ {'pyfuncitem': <Function test_valid_ch>}
           │    │               │          └ [<HookImpl plugin_name='python', plugin=<module '_pytest.python' from '/Users/sven/coding/secassure2026/.venv/lib/python3.13/...
           │    │               └ 'pytest_pyfunc_call'
           │    └ <function _multicall at 0x1052a1ee0>
           └ <_pytest.config.PytestPluginManager object at 0x104e5ef90>
  File "/Users/sven/coding/secassure2026/.venv/lib/python3.13/site-packages/pluggy/_callers.py", line 121, in _multicall
    res = hook_impl.function(*args)
          │         │         └ [<Function test_valid_ch>]
          │         └ <member 'function' of 'HookImpl' objects>
          └ <HookImpl plugin_name='python', plugin=<module '_pytest.python' from '/Users/sven/coding/secassure2026/.venv/lib/python3.13/s...
  File "/Users/sven/coding/secassure2026/.venv/lib/python3.13/site-packages/_pytest/python.py", line 166, in pytest_pyfunc_call
    result = testfunction(**testargs)
             │              └ {}
             └ <bound method TestIsValidTld.test_valid_ch of <tests.domain_resolver.test_filtering.TestIsValidTld object at 0x11480b4d0>>

  File "/Users/sven/coding/secassure2026/tests/domain_resolver/test_filtering.py", line 26, in test_valid_ch
    assert is_valid_tld("example.ch") is True
           └ <function is_valid_tld at 0x1144cfe20>

  File "/Users/sven/coding/secassure2026/src/mail_municipalities/domain_resolver/filtering.py", line 18, in is_valid_tld
    ext = tldextract.extract(domain)
          │          │       └ 'example.ch'
          │          └ <function TLDExtract.__call__ at 0x1147c8860>
          └ <module 'tldextract' from '/Users/sven/coding/secassure2026/.venv/lib/python3.13/site-packages/tldextract/__init__.py'>

  File "/Users/sven/coding/secassure2026/.venv/lib/python3.13/site-packages/tldextract/tldextract.py", line 639, in extract
    return TLD_EXTRACTOR(
           └ <tldextract.tldextract.TLDExtract object at 0x114674ad0>
  File "/Users/sven/coding/secassure2026/.venv/lib/python3.13/site-packages/tldextract/tldextract.py", line 375, in __call__
    return self.extract_str(url, include_psl_private_domains, session=session)
           │    │           │    │                                    └ None
           │    │           │    └ False
           │    │           └ 'example.ch'
           │    └ <function TLDExtract.extract_str at 0x11462c680>
           └ <tldextract.tldextract.TLDExtract object at 0x114674ad0>
  File "/Users/sven/coding/secassure2026/.venv/lib/python3.13/site-packages/tldextract/tldextract.py", line 412, in extract_str
    return self._extract_netloc(
           │    └ <function TLDExtract._extract_netloc at 0x11462c7c0>
           └ <tldextract.tldextract.TLDExtract object at 0x114674ad0>
  File "/Users/sven/coding/secassure2026/.venv/lib/python3.13/site-packages/tldextract/tldextract.py", line 476, in _extract_netloc
    maybe_indexes = self._get_tld_extractor(session).suffix_index(
                    │    │                  └ None
                    │    └ <function TLDExtract._get_tld_extractor at 0x11462c9a0>
                    └ <tldextract.tldextract.TLDExtract object at 0x114674ad0>
  File "/Users/sven/coding/secassure2026/.venv/lib/python3.13/site-packages/tldextract/tldextract.py", line 561, in _get_tld_extractor
    public_tlds, private_tlds = get_suffix_lists(
                                └ <function get_suffix_lists at 0x11462b9c0>
  File "/Users/sven/coding/secassure2026/.venv/lib/python3.13/site-packages/tldextract/suffix_list.py", line 81, in get_suffix_lists
    return cache.run_and_cache(
           │     └ <function DiskCache.run_and_cache at 0x11462ad40>
           └ <tldextract.cache.DiskCache object at 0x114675940>
  File "/Users/sven/coding/secassure2026/.venv/lib/python3.13/site-packages/tldextract/cache.py", line 192, in run_and_cache
    return func(**kwargs)
           │      └ {'cache': <tldextract.cache.DiskCache object at 0x114675940>, 'urls': ('https://publicsuffix.org/list/public_suffix_list.dat'...
           └ <function _get_suffix_lists at 0x11462bba0>
  File "/Users/sven/coding/secassure2026/.venv/lib/python3.13/site-packages/tldextract/suffix_list.py", line 104, in _get_suffix_lists
    text = find_first_response(
           └ <function find_first_response at 0x1145d4400>
> File "/Users/sven/coding/secassure2026/.venv/lib/python3.13/site-packages/tldextract/suffix_list.py", line 44, in find_first_response
    return cache.cached_fetch_url(
           │     └ <function DiskCache.cached_fetch_url at 0x11462ade0>
           └ <tldextract.cache.DiskCache object at 0x114675940>
  File "/Users/sven/coding/secassure2026/.venv/lib/python3.13/site-packages/tldextract/cache.py", line 207, in cached_fetch_url
    return self.run_and_cache(
           │    └ <function DiskCache.run_and_cache at 0x11462ad40>
           └ <tldextract.cache.DiskCache object at 0x114675940>
  File "/Users/sven/coding/secassure2026/.venv/lib/python3.13/site-packages/tldextract/cache.py", line 192, in run_and_cache
    return func(**kwargs)
           │      └ {'session': <requests.sessions.Session object at 0x1150ffcb0>, 'url': 'https://raw.githubusercontent.com/publicsuffix/list/ma...
           └ <function _fetch_url at 0x11462aa20>
  File "/Users/sven/coding/secassure2026/.venv/lib/python3.13/site-packages/tldextract/cache.py", line 216, in _fetch_url
    response = session.get(url, timeout=timeout)
               │       │   │            └ None
               │       │   └ 'https://raw.githubusercontent.com/publicsuffix/list/master/public_suffix_list.dat'
               │       └ <function Session.get at 0x114673380>
               └ <requests.sessions.Session object at 0x1150ffcb0>
  File "/Users/sven/coding/secassure2026/.venv/lib/python3.13/site-packages/requests/sessions.py", line 605, in get
    return self.request("GET", url, **kwargs)
           │    │              │      └ {'timeout': None, 'allow_redirects': True}
           │    │              └ 'https://raw.githubusercontent.com/publicsuffix/list/master/public_suffix_list.dat'
           │    └ <function Session.request at 0x1146732e0>
           └ <requests.sessions.Session object at 0x1150ffcb0>
  File "/Users/sven/coding/secassure2026/.venv/lib/python3.13/site-packages/requests/sessions.py", line 592, in request
    resp = self.send(prep, **send_kwargs)
           │    │    │       └ {'timeout': None, 'allow_redirects': True, 'proxies': OrderedDict(), 'stream': False, 'verify': True, 'cert': None}
           │    │    └ <PreparedRequest [GET]>
           │    └ <function Session.send at 0x1146737e0>
           └ <requests.sessions.Session object at 0x1150ffcb0>
  File "/Users/sven/coding/secassure2026/.venv/lib/python3.13/site-packages/requests/sessions.py", line 706, in send
    r = adapter.send(request, **kwargs)
        │       │    │          └ {'timeout': None, 'proxies': OrderedDict(), 'stream': False, 'verify': True, 'cert': None}
        │       │    └ <PreparedRequest [GET]>
        │       └ <function HTTPAdapter.send at 0x114672b60>
        └ <requests.adapters.HTTPAdapter object at 0x1150ff4d0>
  File "/Users/sven/coding/secassure2026/.venv/lib/python3.13/site-packages/requests/adapters.py", line 678, in send
    raise ConnectionError(e, request=request)
          │                          └ <PreparedRequest [GET]>
          └ <class 'requests.exceptions.ConnectionError'>

requests.exceptions.ConnectionError: HTTPSConnectionPool(host='raw.githubusercontent.com', port=443): Max retries exceeded with url: /publicsuffix/list/master/public_suffix_list.dat (Caused by NameResolutionError("HTTPSConnection(host='raw.githubusercontent.com', port=443): Failed to resolve 'raw.githubusercontent.com' ([Errno 8] nodename nor servname provided, or not known)"))
2026-10-06 09:05:12 | DEBUG   | mail_municipalities.domain_resolver.filtering:build_frequency_blocklist:45 | Frequency blocklist: 1 domains (threshold=5)
2026-10-06 09:05:13 | DEBUG   | mail_municipalities.domain_resolver.filtering:build_frequency_blocklist:45 | Frequency blocklist: 1 domains (threshold=5)
2026-10-06 09:05:13 | INFO    | mail_municipalities.domain_resolver.pipeline:phase_export:920 | Wrote /private/var/folders/_1/ps955n893vg4qk90_8vxwpph0000gn/T/pytest-of-sven/pytest-1/test_minimal_output_structure0/domains_ch.json
2026-10-06 09:05:13 | INFO    | mail_municipalities.domain_resolver.pipeline:phase_export:920 | Wrote /private/var/folders/_1/ps955n893vg4qk90_8vxwpph0000gn/T/pytest-of-sven/pytest-1/test_minimal_output_structure0/domains_ch_detailed.json
2026-10-06 09:05:13 | INFO    | mail_municipalities.domain_resolver.pipeline:phase_export:920 | Wrote /private/var/folders/_1/ps955n893vg4qk90_8vxwpph0000gn/T/pytest-of-sven/pytest-1/test_minimal_output_structure0/domains_ch_review.json
2026-10-06 09:05:13 | INFO    | mail_municipalities.domain_resolver.pipeline:phase_export:927 | --- CH Summary ---
2026-10-06 09:05:13 | INFO    | mail_municipalities.domain_resolver.pipeline:phase_export:928 | Total: 3, with domain: 2 (66.7%)
2026-10-06 09:05:13 | INFO    | mail_municipalities.domain_resolver.pipeline:phase_export:934 | By source: {'scrape': 1, 'none': 1, 'guess': 1}
2026-10-06 09:05:13 | INFO    | mail_municipalities.domain_resolver.pipeline:phase_export:935 | By confidence: {'high': 1, 'none': 1, 'low': 1}
2026-10-06 09:05:13 | INFO    | mail_municipalities.domain_resolver.pipeline:phase_export:936 | Review entries: 2
2026-10-06 09:05:13 | INFO    | mail_municipalities.domain_resolver.pipeline:phase_export:937 | [8/8] Export done (0.0s)
2026-10-06 09:05:13 | INFO    | mail_municipalities.domain_resolver.pipeline:phase_export:920 | Wrote /private/var/folders/_1/ps955n893vg4qk90_8vxwpph0000gn/T/pytest-of-sven/pytest-1/test_detailed_output_structure0/domains_ch.json
2026-10-06 09:05:13 | INFO    | mail_municipalities.domain_resolver.pipeline:phase_export:920 | Wrote /private/var/folders/_1/ps955n893vg4qk90_8vxwpph0000gn/T/pytest-of-sven/pytest-1/test_detailed_output_structure0/domains_ch_detailed.json
2026-10-06 09:05:13 | INFO    | mail_municipalities.domain_resolver.pipeline:phase_export:920 | Wrote /private/var/folders/_1/ps955n893vg4qk90_8vxwpph0000gn/T/pytest-of-sven/pytest-1/test_detailed_output_structure0/domains_ch_review.json
2026-10-06 09:05:13 | INFO    | mail_municipalities.domain_resolver.pipeline:phase_export:927 | --- CH Summary ---
2026-10-06 09:05:13 | INFO    | mail_municipalities.domain_resolver.pipeline:phase_export:928 | Total: 3, with domain: 2 (66.7%)
2026-10-06 09:05:13 | INFO    | mail_municipalities.domain_resolver.pipeline:phase_export:934 | By source: {'scrape': 1, 'none': 1, 'guess': 1}
2026-10-06 09:05:13 | INFO    | mail_municipalities.domain_resolver.pipeline:phase_export:935 | By confidence: {'high': 1, 'none': 1, 'low': 1}
2026-10-06 09:05:13 | INFO    | mail_municipalities.domain_resolver.pipeline:phase_export:936 | Review entries: 2
2026-10-06 09:05:13 | INFO    | mail_municipalities.domain_resolver.pipeline:phase_export:937 | [8/8] Export done (0.0s)
2026-10-06 09:05:13 | INFO    | mail_municipalities.domain_resolver.pipeline:phase_export:920 | Wrote /private/var/folders/_1/ps955n893vg4qk90_8vxwpph0000gn/T/pytest-of-sven/pytest-1/test_review_only_contains_flag0/domains_ch.json
2026-10-06 09:05:13 | INFO    | mail_municipalities.domain_resolver.pipeline:phase_export:920 | Wrote /private/var/folders/_1/ps955n893vg4qk90_8vxwpph0000gn/T/pytest-of-sven/pytest-1/test_review_only_contains_flag0/domains_ch_detailed.json
2026-10-06 09:05:13 | INFO    | mail_municipalities.domain_resolver.pipeline:phase_export:920 | Wrote /private/var/folders/_1/ps955n893vg4qk90_8vxwpph0000gn/T/pytest-of-sven/pytest-1/test_review_only_contains_flag0/domains_ch_review.json
2026-10-06 09:05:13 | INFO    | mail_municipalities.domain_resolver.pipeline:phase_export:927 | --- CH Summary ---
2026-10-06 09:05:13 | INFO    | mail_municipalities.domain_resolver.pipeline:phase_export:928 | Total: 3, with domain: 2 (66.7%)
2026-10-06 09:05:13 | INFO    | mail_municipalities.domain_resolver.pipeline:phase_export:934 | By source: {'scrape': 1, 'none': 1, 'guess': 1}
2026-10-06 09:05:13 | INFO    | mail_municipalities.domain_resolver.pipeline:phase_export:935 | By confidence: {'high': 1, 'none': 1, 'low': 1}
2026-10-06 09:05:13 | INFO    | mail_municipalities.domain_resolver.pipeline:phase_export:936 | Review entries: 2
2026-10-06 09:05:13 | INFO    | mail_municipalities.domain_resolver.pipeline:phase_export:937 | [8/8] Export done (0.0s)
2026-10-06 09:05:13 | INFO    | mail_municipalities.domain_resolver.pipeline:phase_export:920 | Wrote /private/var/folders/_1/ps955n893vg4qk90_8vxwpph0000gn/T/pytest-of-sven/pytest-1/test_codes_are_unique0/domains_ch.json
2026-10-06 09:05:13 | INFO    | mail_municipalities.domain_resolver.pipeline:phase_export:920 | Wrote /private/var/folders/_1/ps955n893vg4qk90_8vxwpph0000gn/T/pytest-of-sven/pytest-1/test_codes_are_unique0/domains_ch_detailed.json
2026-10-06 09:05:13 | INFO    | mail_municipalities.domain_resolver.pipeline:phase_export:920 | Wrote /private/var/folders/_1/ps955n893vg4qk90_8vxwpph0000gn/T/pytest-of-sven/pytest-1/test_codes_are_unique0/domains_ch_review.json
2026-10-06 09:05:13 | INFO    | mail_municipalities.domain_resolver.pipeline:phase_export:927 | --- CH Summary ---
2026-10-06 09:05:13 | INFO    | mail_municipalities.domain_resolver.pipeline:phase_export:928 | Total: 3, with domain: 2 (66.7%)
2026-10-06 09:05:13 | INFO    | mail_municipalities.domain_resolver.pipeline:phase_export:934 | By source: {'scrape': 1, 'none': 1, 'guess': 1}
2026-10-06 09:05:13 | INFO    | mail_municipalities.domain_resolver.pipeline:phase_export:935 | By confidence: {'high': 1, 'none': 1, 'low': 1}
2026-10-06 09:05:13 | INFO    | mail_municipalities.domain_resolver.pipeline:phase_export:936 | Review entries: 2
2026-10-06 09:05:13 | INFO    | mail_municipalities.domain_resolver.pipeline:phase_export:937 | [8/8] Export done (0.0s)
2026-10-06 09:05:13 | INFO    | mail_municipalities.domain_resolver.pipeline:phase_export:920 | Wrote /private/var/folders/_1/ps955n893vg4qk90_8vxwpph0000gn/T/pytest-of-sven/pytest-1/test_sorted_by_code0/domains_ch.json
2026-10-06 09:05:13 | INFO    | mail_municipalities.domain_resolver.pipeline:phase_export:920 | Wrote /private/var/folders/_1/ps955n893vg4qk90_8vxwpph0000gn/T/pytest-of-sven/pytest-1/test_sorted_by_code0/domains_ch_detailed.json
2026-10-06 09:05:13 | INFO    | mail_municipalities.domain_resolver.pipeline:phase_export:920 | Wrote /private/var/folders/_1/ps955n893vg4qk90_8vxwpph0000gn/T/pytest-of-sven/pytest-1/test_sorted_by_code0/domains_ch_review.json
2026-10-06 09:05:13 | INFO    | mail_municipalities.domain_resolver.pipeline:phase_export:927 | --- CH Summary ---
2026-10-06 09:05:13 | INFO    | mail_municipalities.domain_resolver.pipeline:phase_export:928 | Total: 3, with domain: 2 (66.7%)
2026-10-06 09:05:13 | INFO    | mail_municipalities.domain_resolver.pipeline:phase_export:934 | By source: {'scrape': 1, 'none': 1, 'guess': 1}
2026-10-06 09:05:13 | INFO    | mail_municipalities.domain_resolver.pipeline:phase_export:935 | By confidence: {'high': 1, 'none': 1, 'low': 1}
2026-10-06 09:05:13 | INFO    | mail_municipalities.domain_resolver.pipeline:phase_export:936 | Review entries: 2
2026-10-06 09:05:13 | INFO    | mail_municipalities.domain_resolver.pipeline:phase_export:937 | [8/8] Export done (0.0s)
2026-10-06 09:05:13 | INFO    | mail_municipalities.domain_resolver.pipeline:phase_export:920 | Wrote /private/var/folders/_1/ps955n893vg4qk90_8vxwpph0000gn/T/pytest-of-sven/pytest-1/test_varied_scenarios_consiste0/domains_ch.json
2026-10-06 09:05:13 | INFO    | mail_municipalities.domain_resolver.pipeline:phase_export:920 | Wrote /private/var/folders/_1/ps955n893vg4qk90_8vxwpph0000gn/T/pytest-of-sven/pytest-1/test_varied_scenarios_consiste0/domains_ch_detailed.json
2026-10-06 09:05:13 | INFO    | mail_municipalities.domain_resolver.pipeline:phase_export:920 | Wrote /private/var/folders/_1/ps955n893vg4qk90_8vxwpph0000gn/T/pytest-of-sven/pytest-1/test_varied_scenarios_consiste0/domains_ch_review.json
2026-10-06 09:05:13 | INFO    | mail_municipalities.domain_resolver.pipeline:phase_export:927 | --- CH Summary ---
2026-10-06 09:05:13 | INFO    | mail_municipalities.domain_resolver.pipeline:phase_export:928 | Total: 7, with domain: 4 (57.1%)
2026-10-06 09:05:13 | INFO    | mail_municipalities.domain_resolver.pipeline:phase_export:934 | By source: {'override': 2, 'none': 2, 'scrape': 1, 'static': 1, 'guess': 1}
2026-10-06 09:05:13 | INFO    | mail_municipalities.domain_resolver.pipeline:phase_export:935 | By confidence: {'none': 3, 'high': 2, 'medium': 1, 'low': 1}
2026-10-06 09:05:13 | INFO    | mail_municipalities.domain_resolver.pipeline:phase_export:936 | Review entries: 5
2026-10-06 09:05:13 | INFO    | mail_municipalities.domain_resolver.pipeline:phase_export:937 | [8/8] Export done (0.0s)
2026-10-06 09:05:13 | INFO    | mail_municipalities.domain_resolver.pipeline:phase_export:920 | Wrote /private/var/folders/_1/ps955n893vg4qk90_8vxwpph0000gn/T/pytest-of-sven/pytest-1/test_varied_scenarios_consiste1/domains_de.json
2026-10-06 09:05:13 | INFO    | mail_municipalities.domain_resolver.pipeline:phase_export:920 | Wrote /private/var/folders/_1/ps955n893vg4qk90_8vxwpph0000gn/T/pytest-of-sven/pytest-1/test_varied_scenarios_consiste1/domains_de_detailed.json
2026-10-06 09:05:13 | INFO    | mail_municipalities.domain_resolver.pipeline:phase_export:920 | Wrote /private/var/folders/_1/ps955n893vg4qk90_8vxwpph0000gn/T/pytest-of-sven/pytest-1/test_varied_scenarios_consiste1/domains_de_review.json
2026-10-06 09:05:13 | INFO    | mail_municipalities.domain_resolver.pipeline:phase_export:927 | --- DE Summary ---
2026-10-06 09:05:13 | INFO    | mail_municipalities.domain_resolver.pipeline:phase_export:928 | Total: 7, with domain: 4 (57.1%)
2026-10-06 09:05:13 | INFO    | mail_municipalities.domain_resolver.pipeline:phase_export:934 | By source: {'override': 2, 'none': 2, 'scrape': 1, 'static': 1, 'guess': 1}
2026-10-06 09:05:13 | INFO    | mail_municipalities.domain_resolver.pipeline:phase_export:935 | By confidence: {'none': 3, 'high': 2, 'medium': 1, 'low': 1}
2026-10-06 09:05:13 | INFO    | mail_municipalities.domain_resolver.pipeline:phase_export:936 | Review entries: 5
2026-10-06 09:05:13 | INFO    | mail_municipalities.domain_resolver.pipeline:phase_export:937 | [8/8] Export done (0.0s)
2026-10-06 09:05:13 | INFO    | mail_municipalities.domain_resolver.pipeline:phase_export:920 | Wrote /private/var/folders/_1/ps955n893vg4qk90_8vxwpph0000gn/T/pytest-of-sven/pytest-1/test_varied_scenarios_consiste2/domains_at.json
2026-10-06 09:05:13 | INFO    | mail_municipalities.domain_resolver.pipeline:phase_export:920 | Wrote /private/var/folders/_1/ps955n893vg4qk90_8vxwpph0000gn/T/pytest-of-sven/pytest-1/test_varied_scenarios_consiste2/domains_at_detailed.json
2026-10-06 09:05:13 | INFO    | mail_municipalities.domain_resolver.pipeline:phase_export:920 | Wrote /private/var/folders/_1/ps955n893vg4qk90_8vxwpph0000gn/T/pytest-of-sven/pytest-1/test_varied_scenarios_consiste2/domains_at_review.json
2026-10-06 09:05:13 | INFO    | mail_municipalities.domain_resolver.pipeline:phase_export:927 | --- AT Summary ---
2026-10-06 09:05:13 | INFO    | mail_municipalities.domain_resolver.pipeline:phase_export:928 | Total: 7, with domain: 4 (57.1%)
2026-10-06 09:05:13 | INFO    | mail_municipalities.domain_resolver.pipeline:phase_export:934 | By source: {'override': 2, 'none': 2, 'scrape': 1, 'static': 1, 'guess': 1}
2026-10-06 09:05:13 | INFO    | mail_municipalities.domain_resolver.pipeline:phase_export:935 | By confidence: {'none': 3, 'high': 2, 'medium': 1, 'low': 1}
2026-10-06 09:05:13 | INFO    | mail_municipalities.domain_resolver.pipeline:phase_export:936 | Review entries: 5
2026-10-06 09:05:13 | INFO    | mail_municipalities.domain_resolver.pipeline:phase_export:937 | [8/8] Export done (0.0s)
2026-10-06 09:05:13 | INFO    | mail_municipalities.domain_resolver.pipeline:phase_export:920 | Wrote /private/var/folders/_1/ps955n893vg4qk90_8vxwpph0000gn/T/pytest-of-sven/pytest-1/test_creates_three_files0/domains_de.json
2026-10-06 09:05:13 | INFO    | mail_municipalities.domain_resolver.pipeline:phase_export:920 | Wrote /private/var/folders/_1/ps955n893vg4qk90_8vxwpph0000gn/T/pytest-of-sven/pytest-1/test_creates_three_files0/domains_de_detailed.json
2026-10-06 09:05:13 | INFO    | mail_municipalities.domain_resolver.pipeline:phase_export:920 | Wrote /private/var/folders/_1/ps955n893vg4qk90_8vxwpph0000gn/T/pytest-of-sven/pytest-1/test_creates_three_files0/domains_de_review.json
2026-10-06 09:05:13 | INFO    | mail_municipalities.domain_resolver.pipeline:phase_export:927 | --- DE Summary ---
2026-10-06 09:05:13 | INFO    | mail_municipalities.domain_resolver.pipeline:phase_export:928 | Total: 2, with domain: 1 (50.0%)
2026-10-06 09:05:13 | INFO    | mail_municipalities.domain_resolver.pipeline:phase_export:934 | By source: {'scrape': 1, 'none': 1}
2026-10-06 09:05:13 | INFO    | mail_municipalities.domain_resolver.pipeline:phase_export:935 | By confidence: {'high': 1, 'none': 1}
2026-10-06 09:05:13 | INFO    | mail_municipalities.domain_resolver.pipeline:phase_export:936 | Review entries: 1
2026-10-06 09:05:13 | INFO    | mail_municipalities.domain_resolver.pipeline:phase_export:937 | [8/8] Export done (0.0s)
2026-10-06 09:05:13 | INFO    | mail_municipalities.domain_resolver.pipeline:phase_export:920 | Wrote /private/var/folders/_1/ps955n893vg4qk90_8vxwpph0000gn/T/pytest-of-sven/pytest-1/test_output_format0/domains_de.json
2026-10-06 09:05:13 | INFO    | mail_municipalities.domain_resolver.pipeline:phase_export:920 | Wrote /private/var/folders/_1/ps955n893vg4qk90_8vxwpph0000gn/T/pytest-of-sven/pytest-1/test_output_format0/domains_de_detailed.json
2026-10-06 09:05:13 | INFO    | mail_municipalities.domain_resolver.pipeline:phase_export:920 | Wrote /private/var/folders/_1/ps955n893vg4qk90_8vxwpph0000gn/T/pytest-of-sven/pytest-1/test_output_format0/domains_de_review.json
2026-10-06 09:05:13 | INFO    | mail_municipalities.domain_resolver.pipeline:phase_export:927 | --- DE Summary ---
2026-10-06 09:05:13 | INFO    | mail_municipalities.domain_resolver.pipeline:phase_export:928 | Total: 1, with domain: 1 (100.0%)
2026-10-06 09:05:13 | INFO    | mail_municipalities.domain_resolver.pipeline:phase_export:934 | By source: {'scrape': 1}
2026-10-06 09:05:13 | INFO    | mail_municipalities.domain_resolver.pipeline:phase_export:935 | By confidence: {'high': 1}
2026-10-06 09:05:13 | INFO    | mail_municipalities.domain_resolver.pipeline:phase_export:936 | Review entries: 0
2026-10-06 09:05:13 | INFO    | mail_municipalities.domain_resolver.pipeline:phase_export:937 | [8/8] Export done (0.0s)
2026-10-06 09:05:13 | INFO    | mail_municipalities.domain_resolver.pipeline:phase_export:920 | Wrote /private/var/folders/_1/ps955n893vg4qk90_8vxwpph0000gn/T/pytest-of-sven/pytest-1/test_review_filters_correctly0/domains_de.json
2026-10-06 09:05:13 | INFO    | mail_municipalities.domain_resolver.pipeline:phase_export:920 | Wrote /private/var/folders/_1/ps955n893vg4qk90_8vxwpph0000gn/T/pytest-of-sven/pytest-1/test_review_filters_correctly0/domains_de_detailed.json
2026-10-06 09:05:13 | INFO    | mail_municipalities.domain_resolver.pipeline:phase_export:920 | Wrote /private/var/folders/_1/ps955n893vg4qk90_8vxwpph0000gn/T/pytest-of-sven/pytest-1/test_review_filters_correctly0/domains_de_review.json
2026-10-06 09:05:13 | INFO    | mail_municipalities.domain_resolver.pipeline:phase_export:927 | --- DE Summary ---
2026-10-06 09:05:13 | INFO    | mail_municipalities.domain_resolver.pipeline:phase_export:928 | Total: 3, with domain: 0 (0.0%)
2026-10-06 09:05:13 | INFO    | mail_municipalities.domain_resolver.pipeline:phase_export:934 | By source: {'none': 3}
2026-10-06 09:05:13 | INFO    | mail_municipalities.domain_resolver.pipeline:phase_export:935 | By confidence: {'high': 1, 'low': 1, 'none': 1}
2026-10-06 09:05:13 | INFO    | mail_municipalities.domain_resolver.pipeline:phase_export:936 | Review entries: 2
2026-10-06 09:05:13 | INFO    | mail_municipalities.domain_resolver.pipeline:phase_export:937 | [8/8] Export done (0.0s)
2026-10-06 09:05:13 | DEBUG   | logging:callHandlers:1737 | Using selector: KqueueSelector
2026-10-06 09:05:13 | INFO    | mail_municipalities.domain_resolver.pipeline:phase_collect:67 | Generated guess domains for 1 municipalities
2026-10-06 09:05:13 | INFO    | mail_municipalities.domain_resolver.pipeline:phase_collect:71 | [1/8] Collect: 2 municipalities, 10 unique domains (0.0s)
2026-10-06 09:05:13 | DEBUG   | logging:callHandlers:1737 | Using selector: KqueueSelector
2026-10-06 09:05:13 | INFO    | mail_municipalities.domain_resolver.pipeline:phase_collect:71 | [1/8] Collect: 1 municipalities, 0 unique domains (0.0s)
2026-10-06 09:05:13 | DEBUG   | logging:callHandlers:1737 | Using selector: KqueueSelector
2026-10-06 09:05:13 | INFO    | mail_municipalities.domain_resolver.pipeline:check_one:120 | DNS pre-filter: 2/2
2026-10-06 09:05:13 | INFO    | mail_municipalities.domain_resolver.pipeline:phase_dns_prefilter:152 | [2/8] DNS pre-filter: 1/2 resolve, 1 eliminated (0.0s)
2026-10-06 09:05:13 | DEBUG   | logging:callHandlers:1737 | Using selector: KqueueSelector
2026-10-06 09:05:13 | INFO    | mail_municipalities.domain_resolver.pipeline:check_one:120 | DNS pre-filter: 2/2
2026-10-06 09:05:13 | INFO    | mail_municipalities.domain_resolver.pipeline:phase_dns_prefilter:152 | [2/8] DNS pre-filter: 2/2 resolve, 0 eliminated (0.0s)
2026-10-06 09:05:13 | DEBUG   | logging:callHandlers:1737 | Using selector: KqueueSelector
2026-10-06 09:05:13 | INFO    | mail_municipalities.domain_resolver.pipeline:phase_dns_prefilter:98 | DNS cache: 1 cached, 0 to lookup
2026-10-06 09:05:13 | INFO    | mail_municipalities.domain_resolver.pipeline:phase_dns_prefilter:152 | [2/8] DNS pre-filter: 1/1 resolve, 0 eliminated (0.0s)
2026-10-06 09:05:13 | DEBUG   | logging:callHandlers:1737 | Using selector: KqueueSelector
2026-10-06 09:05:13 | INFO    | mail_municipalities.domain_resolver.pipeline:check_one:120 | DNS pre-filter: 1/1
2026-10-06 09:05:13 | INFO    | mail_municipalities.domain_resolver.pipeline:phase_dns_prefilter:152 | [2/8] DNS pre-filter: 1/1 resolve, 0 eliminated (0.0s)
2026-10-06 09:05:13 | DEBUG   | logging:callHandlers:1737 | Using selector: KqueueSelector
2026-10-06 09:05:13 | DEBUG   | mail_municipalities.domain_resolver.pipeline:check_one:113 | DNS pre-filter: www-only.ch resolves only via www
2026-10-06 09:05:13 | INFO    | mail_municipalities.domain_resolver.pipeline:check_one:120 | DNS pre-filter: 1/1
2026-10-06 09:05:13 | INFO    | mail_municipalities.domain_resolver.pipeline:phase_dns_prefilter:152 | [2/8] DNS pre-filter: 1/1 resolve, 0 eliminated (0.0s)
2026-10-06 09:05:13 | DEBUG   | logging:callHandlers:1737 | Using selector: KqueueSelector
2026-10-06 09:05:13 | INFO    | mail_municipalities.domain_resolver.pipeline:check_one:120 | DNS pre-filter: 1/1
2026-10-06 09:05:13 | DEBUG   | mail_municipalities.domain_resolver.pipeline:phase_dns_prefilter:147 | DNS pre-filter: dead.ch (wikidata) does not resolve
2026-10-06 09:05:13 | INFO    | mail_municipalities.domain_resolver.pipeline:phase_dns_prefilter:152 | [2/8] DNS pre-filter: 0/1 resolve, 1 eliminated (0.0s)
2026-10-06 09:05:13 | DEBUG   | logging:callHandlers:1737 | Using selector: KqueueSelector
2026-10-06 09:05:13 | INFO    | mail_municipalities.domain_resolver.pipeline:check_one:120 | DNS pre-filter: 3/3
2026-10-06 09:05:13 | DEBUG   | mail_municipalities.domain_resolver.pipeline:phase_dns_prefilter:140 | DNS pre-filter: keeping kukmirn.bgld.gv.at (bresu_email) — email-only domain
2026-10-06 09:05:13 | DEBUG   | mail_municipalities.domain_resolver.pipeline:phase_dns_prefilter:147 | DNS pre-filter: dead.at (wikidata) does not resolve
2026-10-06 09:05:13 | INFO    | mail_municipalities.domain_resolver.pipeline:phase_dns_prefilter:152 | [2/8] DNS pre-filter: 1/3 resolve, 1 eliminated (0.0s)
2026-10-06 09:05:13 | DEBUG   | logging:callHandlers:1737 | Using selector: KqueueSelector
2026-10-06 09:05:13 | INFO    | mail_municipalities.domain_resolver.pipeline:check_one:201 | HEAD validation: 2/2
2026-10-06 09:05:13 | INFO    | mail_municipalities.domain_resolver.pipeline:phase_validate:216 | [3/8] Validate: 1/2 accessible (0.0s)
2026-10-06 09:05:13 | DEBUG   | logging:callHandlers:1737 | Using selector: KqueueSelector
2026-10-06 09:05:13 | INFO    | mail_municipalities.domain_resolver.pipeline:phase_validate:187 | HEAD cache: 1 cached, 0 to validate
2026-10-06 09:05:13 | INFO    | mail_municipalities.domain_resolver.pipeline:phase_validate:216 | [3/8] Validate: 1/1 accessible (0.0s)
2026-10-06 09:05:13 | DEBUG   | logging:callHandlers:1737 | Using selector: KqueueSelector
2026-10-06 09:05:13 | INFO    | mail_municipalities.domain_resolver.pipeline:check_one:290 | Content validation: 1/1
2026-10-06 09:05:13 | INFO    | mail_municipalities.domain_resolver.pipeline:phase_content_validate:315 | [4/8] Content: 1 parked, 0 with keywords, 0 without (0.0s)
2026-10-06 09:05:13 | DEBUG   | logging:callHandlers:1737 | Using selector: KqueueSelector
2026-10-06 09:05:13 | INFO    | mail_municipalities.domain_resolver.pipeline:check_one:290 | Content validation: 1/1
2026-10-06 09:05:13 | INFO    | mail_municipalities.domain_resolver.pipeline:phase_content_validate:315 | [4/8] Content: 0 parked, 1 with keywords, 0 without (0.0s)
2026-10-06 09:05:13 | DEBUG   | logging:callHandlers:1737 | Using selector: KqueueSelector
2026-10-06 09:05:13 | INFO    | mail_municipalities.domain_resolver.pipeline:phase_content_validate:265 | [4/8] Content: all 0 domains served from cache
2026-10-06 09:05:13 | DEBUG   | logging:callHandlers:1737 | Using selector: KqueueSelector
2026-10-06 09:05:13 | INFO    | mail_municipalities.domain_resolver.pipeline:phase_content_validate:260 | Content cache: 1 cached, 0 to check
2026-10-06 09:05:13 | INFO    | mail_municipalities.domain_resolver.pipeline:phase_content_validate:265 | [4/8] Content: all 1 domains served from cache
2026-10-06 09:05:13 | DEBUG   | logging:callHandlers:1737 | Using selector: KqueueSelector
2026-10-06 09:05:13 | INFO    | mail_municipalities.domain_resolver.pipeline:check_one:290 | Content validation: 1/1
2026-10-06 09:05:13 | INFO    | mail_municipalities.domain_resolver.pipeline:phase_content_validate:315 | [4/8] Content: 0 parked, 1 with keywords, 0 without (0.0s)
2026-10-06 09:05:13 | DEBUG   | logging:callHandlers:1737 | Using selector: KqueueSelector
2026-10-06 09:05:13 | DEBUG   | mail_municipalities.domain_resolver.pipeline:scrape_one:414 | [1/1] good.de -> 1 email(s): good.de
2026-10-06 09:05:13 | INFO    | mail_municipalities.domain_resolver.pipeline:scrape_one:434 | Scraping: 1/1 (100%) ~0s remaining
2026-10-06 09:05:13 | INFO    | mail_municipalities.domain_resolver.pipeline:phase_scrape:457 | [5a/8] Scrape (httpx): 1/1 had emails, 0 timeouts (0.0s)
2026-10-06 09:05:13 | DEBUG   | logging:callHandlers:1737 | Using selector: KqueueSelector
2026-10-06 09:05:13 | DEBUG   | mail_municipalities.domain_resolver.pipeline:scrape_one:414 | [1/1] good.de -> 1 email(s): good.de
2026-10-06 09:05:13 | INFO    | mail_municipalities.domain_resolver.pipeline:scrape_one:434 | Scraping: 1/1 (100%) ~0s remaining
2026-10-06 09:05:13 | INFO    | mail_municipalities.domain_resolver.pipeline:phase_scrape:457 | [5a/8] Scrape (httpx): 1/1 had emails, 0 timeouts (0.0s)
2026-10-06 09:05:13 | DEBUG   | logging:callHandlers:1737 | Using selector: KqueueSelector
2026-10-06 09:05:13 | INFO    | mail_municipalities.domain_resolver.pipeline:phase_scrape:370 | Scrape cache: 1 cached, 0 to scrape
2026-10-06 09:05:13 | INFO    | mail_municipalities.domain_resolver.pipeline:phase_scrape:375 | [5/8] Scrape: all 1 domains served from cache
2026-10-06 09:05:13 | DEBUG   | logging:callHandlers:1737 | Using selector: KqueueSelector
2026-10-06 09:05:13 | DEBUG   | mail_municipalities.domain_resolver.pipeline:scrape_one:414 | [1/1] new.de -> 1 email(s): new.de
2026-10-06 09:05:13 | INFO    | mail_municipalities.domain_resolver.pipeline:scrape_one:434 | Scraping: 1/1 (100%) ~0s remaining
2026-10-06 09:05:13 | INFO    | mail_municipalities.domain_resolver.pipeline:phase_scrape:457 | [5a/8] Scrape (httpx): 1/1 had emails, 0 timeouts (0.0s)
2026-10-06 09:05:13 | DEBUG   | logging:callHandlers:1737 | Using selector: KqueueSelector
2026-10-06 09:05:13 | INFO    | mail_municipalities.domain_resolver.pipeline:check_one:627 | MX validation: 3/3
2026-10-06 09:05:13 | INFO    | mail_municipalities.domain_resolver.pipeline:phase_mx:639 | [6/8] MX: 2/3 have MX records (0.0s)
2026-10-06 09:05:13 | DEBUG   | logging:callHandlers:1737 | Using selector: KqueueSelector
2026-10-06 09:05:13 | INFO    | mail_municipalities.domain_resolver.pipeline:phase_mx:610 | MX cache: 1 cached, 0 to lookup
2026-10-06 09:05:13 | INFO    | mail_municipalities.domain_resolver.pipeline:phase_mx:639 | [6/8] MX: 1/1 have MX records (0.0s)
2026-10-06 09:05:13 | INFO    | mail_municipalities.domain_resolver.pipeline:phase_decide:669 | [7/8] Decide: done (0.0s)
2026-10-06 09:05:13 | DEBUG   | logging:callHandlers:1737 | Using selector: KqueueSelector
2026-10-06 09:05:13 | INFO    | mail_municipalities.domain_resolver.pipeline:run_pipeline:954 | === Starting pipeline for DE ===
2026-10-06 09:05:13 | INFO    | mail_municipalities.domain_resolver.pipeline:phase_collect:71 | [1/8] Collect: 1 municipalities, 1 unique domains (0.0s)
2026-10-06 09:05:13 | DEBUG   | logging:callHandlers:1737 | Using selector: KqueueSelector
2026-10-06 09:05:13 | INFO    | mail_municipalities.domain_resolver.pipeline:run_pipeline:954 | === Starting pipeline for DE ===
2026-10-06 09:05:13 | INFO    | mail_municipalities.domain_resolver.pipeline:phase_collect:71 | [1/8] Collect: 1 municipalities, 1 unique domains (0.0s)
2026-10-06 09:05:13 | DEBUG   | mail_municipalities.domain_resolver.scraping:_try_fetch:484 | Scrape https://www.test.de/ failed: ConnectError('[Errno 8] nodename nor servname provided, or not known')
2026-10-06 09:05:13 | DEBUG   | mail_municipalities.domain_resolver.scraping:_try_fetch:484 | Scrape https://test.de/ failed: ConnectError('[Errno 8] nodename nor servname provided, or not known')
2026-10-06 09:05:13 | INFO    | mail_municipalities.domain_resolver.pipeline:check_one:290 | Content validation: 1/1
2026-10-06 09:05:13 | INFO    | mail_municipalities.domain_resolver.pipeline:phase_content_validate:315 | [4/8] Content: 0 parked, 0 with keywords, 1 without (0.0s)
2026-10-06 09:05:13 | INFO    | mail_municipalities.domain_resolver.pipeline:phase_decide:669 | [7/8] Decide: done (0.0s)
2026-10-06 09:05:13 | INFO    | mail_municipalities.domain_resolver.pipeline:phase_export:920 | Wrote /private/var/folders/_1/ps955n893vg4qk90_8vxwpph0000gn/T/pytest-of-sven/pytest-1/test_full_run_mocked0/out/domains_de.json
2026-10-06 09:05:13 | INFO    | mail_municipalities.domain_resolver.pipeline:phase_export:920 | Wrote /private/var/folders/_1/ps955n893vg4qk90_8vxwpph0000gn/T/pytest-of-sven/pytest-1/test_full_run_mocked0/out/domains_de_detailed.json
2026-10-06 09:05:13 | INFO    | mail_municipalities.domain_resolver.pipeline:phase_export:920 | Wrote /private/var/folders/_1/ps955n893vg4qk90_8vxwpph0000gn/T/pytest-of-sven/pytest-1/test_full_run_mocked0/out/domains_de_review.json
2026-10-06 09:05:13 | INFO    | mail_municipalities.domain_resolver.pipeline:phase_export:927 | --- DE Summary ---
2026-10-06 09:05:13 | INFO    | mail_municipalities.domain_resolver.pipeline:phase_export:928 | Total: 1, with domain: 1 (100.0%)
2026-10-06 09:05:13 | INFO    | mail_municipalities.domain_resolver.pipeline:phase_export:934 | By source: {'static': 1}
2026-10-06 09:05:13 | INFO    | mail_municipalities.domain_resolver.pipeline:phase_export:935 | By confidence: {'medium': 1}
2026-10-06 09:05:13 | INFO    | mail_municipalities.domain_resolver.pipeline:phase_export:936 | Review entries: 1
2026-10-06 09:05:13 | INFO    | mail_municipalities.domain_resolver.pipeline:phase_export:937 | [8/8] Export done (0.0s)
2026-10-06 09:05:13 | INFO    | mail_municipalities.domain_resolver.pipeline:run_pipeline:991 | === Pipeline complete for DE in 0.0s ===
2026-10-06 09:05:13 | INFO    | mail_municipalities.domain_resolver.scraping:load_scrape_cache:799 | Scrape cache: 1 expired entries filtered
2026-10-06 09:05:13 | WARNING | mail_municipalities.domain_resolver.scraping:load_scrape_cache:775 | Ignoring corrupt scrape cache at /private/var/folders/_1/ps955n893vg4qk90_8vxwpph0000gn/T/pytest-of-sven/pytest-1/test_corrupt_file0/cache.json
2026-10-06 09:05:13 | WARNING | mail_municipalities.domain_resolver.scraping:_process_scrape_response:446 | Ignoring redirect to non-municipality site: cornol.ch -> immoscout24.ch
2026-10-06 09:05:13 | INFO    | mail_municipalities.domain_resolver.scraping:_process_scrape_response:452 | Redirect detected: baroche.ch -> labaroche.ch
2026-10-06 09:05:13 | DEBUG   | logging:callHandlers:1737 | Using selector: KqueueSelector
2026-10-06 09:05:13 | DEBUG   | logging:callHandlers:1737 | Using selector: KqueueSelector
2026-10-06 09:05:13 | DEBUG   | logging:callHandlers:1737 | Using selector: KqueueSelector
2026-10-06 09:05:13 | DEBUG   | logging:callHandlers:1737 | Using selector: KqueueSelector
2026-10-06 09:05:13 | DEBUG   | logging:callHandlers:1737 | Using selector: KqueueSelector
2026-10-06 09:05:13 | DEBUG   | logging:callHandlers:1737 | Using selector: KqueueSelector
2026-10-06 09:05:13 | DEBUG   | logging:callHandlers:1737 | Using selector: KqueueSelector
2026-10-06 09:05:13 | DEBUG   | logging:callHandlers:1737 | Using selector: KqueueSelector
2026-10-06 09:05:13 | DEBUG   | mail_municipalities.domain_resolver.scraping:_try_fetch:484 | Scrape https://www.failing.ch/ failed: ConnectError('refused')
2026-10-06 09:05:13 | DEBUG   | mail_municipalities.domain_resolver.scraping:_try_fetch:484 | Scrape https://failing.ch/ failed: ConnectError('refused')
2026-10-06 09:05:13 | DEBUG   | logging:callHandlers:1737 | Using selector: KqueueSelector
2026-10-06 09:05:13 | DEBUG   | logging:callHandlers:1737 | Using selector: KqueueSelector
2026-10-06 09:05:13 | DEBUG   | logging:callHandlers:1737 | Using selector: KqueueSelector
2026-10-06 09:05:13 | DEBUG   | logging:callHandlers:1737 | Using selector: KqueueSelector
2026-10-06 09:05:13 | DEBUG   | logging:callHandlers:1737 | Using selector: KqueueSelector
2026-10-06 09:05:13 | DEBUG   | logging:callHandlers:1737 | Using selector: KqueueSelector
2026-10-06 09:05:13 | DEBUG   | logging:callHandlers:1737 | Using selector: KqueueSelector
2026-10-06 09:05:13 | DEBUG   | mail_municipalities.domain_resolver.scraping:_try_fetch:472 | Insecure fetch https://example.ch/ failed: Exception('network down')
2026-10-06 09:05:13 | DEBUG   | logging:callHandlers:1737 | Using selector: KqueueSelector
2026-10-06 09:05:13 | INFO    | mail_municipalities.domain_resolver.scraping:_try_fetch:479 | SSL error on https://sslbad.ch/, retrying without verification
2026-10-06 09:05:13 | DEBUG   | logging:callHandlers:1737 | Using selector: KqueueSelector
2026-10-06 09:05:13 | INFO    | mail_municipalities.domain_resolver.scraping:_try_fetch:479 | SSL error on https://sslbad.ch/, retrying without verification
2026-10-06 09:05:13 | DEBUG   | logging:callHandlers:1737 | Using selector: KqueueSelector
2026-10-06 09:05:13 | DEBUG   | mail_municipalities.domain_resolver.scraping:_try_fetch:487 | Scrape https://timeout.ch/ failed: ReadTimeout('slow')
2026-10-06 09:05:13 | DEBUG   | logging:callHandlers:1737 | Using selector: KqueueSelector
2026-10-06 09:05:13 | DEBUG   | logging:callHandlers:1737 | Using selector: KqueueSelector
2026-10-06 09:05:13 | DEBUG   | mail_municipalities.domain_resolver.scraping:_try_fetch:484 | Scrape https://www.example.ch/kontakt failed: ConnectError('refused')
2026-10-06 09:05:13 | DEBUG   | logging:callHandlers:1737 | Using selector: KqueueSelector
2026-10-06 09:05:13 | DEBUG   | logging:callHandlers:1737 | Using selector: KqueueSelector
2026-10-06 09:05:27 | DEBUG   | logging:callHandlers:1737 | Using selector: KqueueSelector
2026-10-06 09:05:27 | DEBUG   | logging:callHandlers:1737 | Using selector: KqueueSelector
2026-10-06 09:05:27 | DEBUG   | logging:callHandlers:1737 | Using selector: KqueueSelector
2026-10-06 09:05:27 | DEBUG   | mail_municipalities.provider_classification.classifier:_rule_confidence:132 | rule=mx_only base=0.80 provider=ms365
2026-10-06 09:05:27 | DEBUG   | mail_municipalities.provider_classification.classifier:_rule_confidence:132 | rule=mx_spf base=0.90 provider=ms365
2026-10-06 09:05:27 | DEBUG   | mail_municipalities.provider_classification.classifier:_rule_confidence:132 | rule=mx_only base=0.80 provider=ms365
2026-10-06 09:05:27 | DEBUG   | mail_municipalities.provider_classification.classifier:_rule_confidence:132 | rule=mx_spf base=0.90 provider=ms365
2026-10-06 09:05:27 | DEBUG   | mail_municipalities.provider_classification.classifier:_rule_confidence:132 | rule=dkim_gw base=0.65 provider=ms365
2026-10-06 09:05:27 | DEBUG   | mail_municipalities.provider_classification.classifier:_rule_confidence:132 | rule=spf_only base=0.50 provider=google
2026-10-06 09:05:27 | DEBUG   | mail_municipalities.provider_classification.classifier:_rule_confidence:132 | rule=mx_spf base=0.90 provider=ms365
2026-10-06 09:05:27 | DEBUG   | mail_municipalities.provider_classification.classifier:_rule_confidence:132 | rule=mx_only base=0.80 provider=ms365
2026-10-06 09:05:27 | DEBUG   | mail_municipalities.provider_classification.classifier:_rule_confidence:132 | rule=mx_only base=0.80 provider=ms365
2026-10-06 09:05:27 | DEBUG   | mail_municipalities.provider_classification.classifier:_aggregate:256 | rule=gateway_no_primary (gateway blocks primary signals)
2026-10-06 09:05:27 | DEBUG   | mail_municipalities.provider_classification.classifier:_rule_confidence:132 | rule=spf_gw base=0.70 provider=ms365
2026-10-06 09:05:27 | DEBUG   | mail_municipalities.provider_classification.classifier:_country_confidence:174 | rule=dom_mx_spf base=0.80
2026-10-06 09:05:27 | DEBUG   | mail_municipalities.provider_classification.classifier:_aggregate:225 | domestic MX override: rule=dom_mx_spf conf=0.80
2026-10-06 09:05:27 | DEBUG   | mail_municipalities.provider_classification.classifier:_rule_confidence:132 | rule=mx_only base=0.80 provider=ms365
2026-10-06 09:05:27 | DEBUG   | mail_municipalities.provider_classification.classifier:_rule_confidence:132 | rule=spf_only base=0.50 provider=ms365
2026-10-06 09:05:27 | DEBUG   | mail_municipalities.provider_classification.classifier:_rule_confidence:132 | rule=spf_only base=0.50 provider=ms365
2026-10-06 09:05:27 | DEBUG   | mail_municipalities.provider_classification.classifier:_rule_confidence:132 | rule=mx_only base=0.80 provider=google
2026-10-06 09:05:27 | DEBUG   | mail_municipalities.provider_classification.classifier:_rule_confidence:132 | rule=mx_only base=0.80 provider=ms365
2026-10-06 09:05:27 | DEBUG   | mail_municipalities.provider_classification.classifier:_rule_confidence:132 | rule=mx_only base=0.80 provider=ms365
2026-10-06 09:05:27 | DEBUG   | mail_municipalities.provider_classification.classifier:_country_confidence:174 | rule=dom_secondary base=0.20
2026-10-06 09:05:27 | DEBUG   | mail_municipalities.provider_classification.classifier:_rule_confidence:132 | rule=mx_only base=0.80 provider=google
2026-10-06 09:05:27 | DEBUG   | mail_municipalities.provider_classification.classifier:_rule_confidence:132 | rule=fallback base=0.40 provider=ms365
2026-10-06 09:05:27 | DEBUG   | mail_municipalities.provider_classification.classifier:_rule_confidence:132 | rule=fallback base=0.40 provider=ms365
2026-10-06 09:05:27 | DEBUG   | mail_municipalities.provider_classification.classifier:_rule_confidence:132 | rule=fallback base=0.40 provider=ms365
2026-10-06 09:05:27 | DEBUG   | mail_municipalities.provider_classification.classifier:_rule_confidence:132 | rule=mx_spf base=0.90 provider=ms365
2026-10-06 09:05:27 | DEBUG   | mail_municipalities.provider_classification.classifier:_rule_confidence:132 | rule=spf_only base=0.50 provider=ms365
2026-10-06 09:05:27 | DEBUG   | mail_municipalities.provider_classification.classifier:_rule_confidence:132 | rule=spf_only base=0.50 provider=ms365
2026-10-06 09:05:27 | DEBUG   | mail_municipalities.provider_classification.classifier:_rule_confidence:132 | rule=mx_only base=0.80 provider=ms365
2026-10-06 09:05:27 | DEBUG   | mail_municipalities.provider_classification.classifier:_rule_confidence:132 | rule=spf_gw base=0.70 provider=ms365
2026-10-06 09:05:27 | DEBUG   | mail_municipalities.provider_classification.classifier:_rule_confidence:132 | rule=mx_only base=0.80 provider=ms365
2026-10-06 09:05:27 | DEBUG   | mail_municipalities.provider_classification.classifier:_rule_confidence:132 | rule=mx_spf base=0.90 provider=ms365
2026-10-06 09:05:27 | DEBUG   | mail_municipalities.provider_classification.classifier:_rule_confidence:132 | rule=spf_gw base=0.70 provider=ms365
2026-10-06 09:05:27 | DEBUG   | mail_municipalities.provider_classification.classifier:_rule_confidence:132 | rule=spf_gw base=0.70 provider=ms365
2026-10-06 09:05:27 | DEBUG   | mail_municipalities.provider_classification.classifier:_rule_confidence:132 | rule=spf_only base=0.50 provider=ms365
2026-10-06 09:05:27 | DEBUG   | mail_municipalities.provider_classification.classifier:_rule_confidence:132 | rule=mx_only base=0.80 provider=ms365
2026-10-06 09:05:27 | DEBUG   | mail_municipalities.provider_classification.classifier:_rule_confidence:132 | rule=mx_only base=0.80 provider=ms365
2026-10-06 09:05:27 | DEBUG   | mail_municipalities.provider_classification.classifier:_rule_confidence:132 | rule=mx_only base=0.80 provider=ms365
2026-10-06 09:05:27 | DEBUG   | mail_municipalities.provider_classification.classifier:_rule_confidence:132 | rule=mx_only base=0.80 provider=ms365
2026-10-06 09:05:27 | DEBUG   | mail_municipalities.provider_classification.classifier:_rule_confidence:132 | rule=spf_only base=0.50 provider=ms365
2026-10-06 09:05:27 | DEBUG   | mail_municipalities.provider_classification.classifier:_rule_confidence:132 | rule=fallback base=0.40 provider=ms365
2026-10-06 09:05:27 | DEBUG   | mail_municipalities.provider_classification.classifier:_rule_confidence:132 | rule=fallback base=0.40 provider=ms365
2026-10-06 09:05:27 | DEBUG   | mail_municipalities.provider_classification.classifier:_rule_confidence:132 | rule=dkim_gw base=0.65 provider=ms365
2026-10-06 09:05:27 | DEBUG   | mail_municipalities.provider_classification.classifier:_rule_confidence:132 | rule=fallback base=0.40 provider=ms365
2026-10-06 09:05:27 | DEBUG   | mail_municipalities.provider_classification.classifier:_rule_confidence:132 | rule=fallback base=0.40 provider=ms365
2026-10-06 09:05:27 | DEBUG   | mail_municipalities.provider_classification.classifier:_rule_confidence:132 | rule=dkim_spf base=0.60 provider=ms365
2026-10-06 09:05:27 | DEBUG   | mail_municipalities.provider_classification.classifier:_rule_confidence:132 | rule=fallback base=0.40 provider=ms365
2026-10-06 09:05:27 | DEBUG   | mail_municipalities.provider_classification.classifier:_rule_confidence:132 | rule=fallback base=0.40 provider=ms365
2026-10-06 09:05:27 | DEBUG   | mail_municipalities.provider_classification.classifier:_rule_confidence:132 | rule=fallback base=0.40 provider=ms365
2026-10-06 09:05:27 | DEBUG   | mail_municipalities.provider_classification.classifier:_rule_confidence:132 | rule=dkim_spf base=0.60 provider=ms365
2026-10-06 09:05:27 | DEBUG   | mail_municipalities.provider_classification.classifier:_rule_confidence:132 | rule=dkim_gw base=0.65 provider=ms365
2026-10-06 09:05:27 | DEBUG   | mail_municipalities.provider_classification.classifier:_rule_confidence:132 | rule=fallback base=0.40 provider=google
2026-10-06 09:05:27 | DEBUG   | mail_municipalities.provider_classification.classifier:_rule_confidence:132 | rule=dkim_gw base=0.65 provider=ms365
2026-10-06 09:05:27 | DEBUG   | mail_municipalities.provider_classification.classifier:_rule_confidence:132 | rule=mx_spf base=0.90 provider=ms365
2026-10-06 09:05:27 | DEBUG   | mail_municipalities.provider_classification.classifier:_country_confidence:174 | rule=dom_mx_spf base=0.80
2026-10-06 09:05:27 | DEBUG   | mail_municipalities.provider_classification.classifier:_aggregate:225 | domestic MX override: rule=dom_mx_spf conf=0.80
2026-10-06 09:05:27 | DEBUG   | mail_municipalities.provider_classification.classifier:_country_confidence:174 | rule=dom_mx_spf base=0.80
2026-10-06 09:05:27 | DEBUG   | mail_municipalities.provider_classification.classifier:_aggregate:225 | domestic MX override: rule=dom_mx_spf conf=0.80
2026-10-06 09:05:27 | DEBUG   | mail_municipalities.provider_classification.classifier:_country_confidence:174 | rule=dom_mx_only base=0.70
2026-10-06 09:05:27 | DEBUG   | mail_municipalities.provider_classification.classifier:_aggregate:225 | domestic MX override: rule=dom_mx_only conf=0.70
2026-10-06 09:05:27 | DEBUG   | mail_municipalities.provider_classification.classifier:_rule_confidence:132 | rule=mx_spf base=0.90 provider=ms365
2026-10-06 09:05:27 | DEBUG   | mail_municipalities.provider_classification.classifier:_rule_confidence:132 | rule=spf_gw base=0.70 provider=ms365
2026-10-06 09:05:27 | DEBUG   | mail_municipalities.provider_classification.classifier:_country_confidence:174 | rule=frgn_mx_spf base=0.60
2026-10-06 09:05:27 | DEBUG   | mail_municipalities.provider_classification.classifier:_aggregate:236 | foreign MX override: rule=frgn_mx_spf conf=0.60
2026-10-06 09:05:27 | DEBUG   | mail_municipalities.provider_classification.classifier:_rule_confidence:132 | rule=spf_only base=0.50 provider=ms365
2026-10-06 09:05:27 | DEBUG   | mail_municipalities.provider_classification.classifier:_rule_confidence:132 | rule=spf_only base=0.50 provider=ms365
2026-10-06 09:05:27 | DEBUG   | logging:callHandlers:1737 | Using selector: KqueueSelector
2026-10-06 09:05:27 | WARNING | mail_municipalities.provider_classification.classifier:classify:319 | classify(example.com): no SPF record retrieved
2026-10-06 09:05:27 | DEBUG   | mail_municipalities.provider_classification.classifier:_rule_confidence:132 | rule=mx_spf base=0.90 provider=ms365
2026-10-06 09:05:27 | DEBUG   | mail_municipalities.provider_classification.classifier:classify:335 | classify(example.com): provider=ms365 confidence=0.90 rule=mx_spf signals=2
2026-10-06 09:05:27 | DEBUG   | logging:callHandlers:1737 | Using selector: KqueueSelector
2026-10-06 09:05:27 | WARNING | mail_municipalities.provider_classification.classifier:classify:319 | classify(example.com): no SPF record retrieved
2026-10-06 09:05:27 | DEBUG   | mail_municipalities.provider_classification.classifier:_rule_confidence:132 | rule=mx_spf base=0.90 provider=google
2026-10-06 09:05:27 | DEBUG   | mail_municipalities.provider_classification.classifier:classify:335 | classify(example.com): provider=google confidence=0.92 rule=mx_spf signals=3
2026-10-06 09:05:27 | DEBUG   | logging:callHandlers:1737 | Using selector: KqueueSelector
2026-10-06 09:05:27 | WARNING | mail_municipalities.provider_classification.classifier:classify:319 | classify(example.com): no SPF record retrieved
2026-10-06 09:05:27 | DEBUG   | mail_municipalities.provider_classification.classifier:classify:335 | classify(example.com): provider=unknown confidence=0.00 rule=no_country_data signals=0
2026-10-06 09:05:27 | DEBUG   | logging:callHandlers:1737 | Using selector: KqueueSelector
2026-10-06 09:05:27 | WARNING | mail_municipalities.provider_classification.classifier:classify:319 | classify(example.com): no SPF record retrieved
2026-10-06 09:05:27 | DEBUG   | mail_municipalities.provider_classification.classifier:_rule_confidence:132 | rule=mx_spf base=0.90 provider=ms365
2026-10-06 09:05:27 | DEBUG   | mail_municipalities.provider_classification.classifier:classify:335 | classify(example.com): provider=ms365 confidence=0.90 rule=mx_spf signals=2
2026-10-06 09:05:27 | DEBUG   | logging:callHandlers:1737 | Using selector: KqueueSelector
2026-10-06 09:05:27 | WARNING | mail_municipalities.provider_classification.classifier:classify:319 | classify(example.com): no SPF record retrieved
2026-10-06 09:05:27 | DEBUG   | mail_municipalities.provider_classification.classifier:_country_confidence:174 | rule=dom_secondary base=0.20
2026-10-06 09:05:27 | DEBUG   | mail_municipalities.provider_classification.classifier:classify:335 | classify(example.com): provider=domestic confidence=0.20 rule=dom_secondary signals=1
2026-10-06 09:05:27 | DEBUG   | logging:callHandlers:1737 | Using selector: KqueueSelector
2026-10-06 09:05:27 | WARNING | mail_municipalities.provider_classification.classifier:classify:319 | classify(example.com): no SPF record retrieved
2026-10-06 09:05:27 | DEBUG   | mail_municipalities.provider_classification.classifier:_country_confidence:174 | rule=dom_secondary base=0.20
2026-10-06 09:05:27 | DEBUG   | mail_municipalities.provider_classification.classifier:classify:335 | classify(example.com): provider=domestic confidence=0.20 rule=dom_secondary signals=2
2026-10-06 09:05:27 | DEBUG   | logging:callHandlers:1737 | Using selector: KqueueSelector
2026-10-06 09:05:27 | WARNING | mail_municipalities.provider_classification.classifier:classify:319 | classify(example.com): no SPF record retrieved
2026-10-06 09:05:27 | DEBUG   | mail_municipalities.provider_classification.classifier:_rule_confidence:132 | rule=mx_only base=0.80 provider=ms365
2026-10-06 09:05:27 | DEBUG   | mail_municipalities.provider_classification.classifier:classify:335 | classify(example.com): provider=ms365 confidence=0.82 rule=mx_only signals=2
2026-10-06 09:05:27 | DEBUG   | logging:callHandlers:1737 | Using selector: KqueueSelector
2026-10-06 09:05:28 | WARNING | mail_municipalities.provider_classification.classifier:classify:319 | classify(example.com): no SPF record retrieved
2026-10-06 09:05:28 | DEBUG   | mail_municipalities.provider_classification.classifier:_rule_confidence:132 | rule=mx_only base=0.80 provider=ms365
2026-10-06 09:05:28 | DEBUG   | mail_municipalities.provider_classification.classifier:classify:335 | classify(example.com): provider=ms365 confidence=0.80 rule=mx_only signals=1
2026-10-06 09:05:28 | DEBUG   | logging:callHandlers:1737 | Using selector: KqueueSelector
2026-10-06 09:05:28 | WARNING | mail_municipalities.provider_classification.classifier:classify:319 | classify(example.com): no SPF record retrieved
2026-10-06 09:05:28 | DEBUG   | mail_municipalities.provider_classification.classifier:_rule_confidence:132 | rule=mx_only base=0.80 provider=ms365
2026-10-06 09:05:28 | DEBUG   | mail_municipalities.provider_classification.classifier:classify:335 | classify(example.com): provider=ms365 confidence=0.80 rule=mx_only signals=1
2026-10-06 09:05:28 | DEBUG   | logging:callHandlers:1737 | Using selector: KqueueSelector
2026-10-06 09:05:28 | WARNING | mail_municipalities.provider_classification.classifier:classify:319 | classify(a.com): no SPF record retrieved
2026-10-06 09:05:28 | DEBUG   | mail_municipalities.provider_classification.classifier:_rule_confidence:132 | rule=mx_only base=0.80 provider=ms365
2026-10-06 09:05:28 | DEBUG   | mail_municipalities.provider_classification.classifier:classify:335 | classify(a.com): provider=ms365 confidence=0.80 rule=mx_only signals=1
2026-10-06 09:05:28 | WARNING | mail_municipalities.provider_classification.classifier:classify:319 | classify(b.com): no SPF record retrieved
2026-10-06 09:05:28 | DEBUG   | mail_municipalities.provider_classification.classifier:_rule_confidence:132 | rule=mx_only base=0.80 provider=ms365
2026-10-06 09:05:28 | DEBUG   | mail_municipalities.provider_classification.classifier:classify:335 | classify(b.com): provider=ms365 confidence=0.80 rule=mx_only signals=1
2026-10-06 09:05:28 | INFO    | mail_municipalities.provider_classification.classifier:classify_many:379 | Rule hit summary:
  mx_only                  2
  mx_spf                   0
  spf_gw                   0
  dkim_gw                  0
  dkim_spf                 0
  spf_only                 0
  fallback                 0
  gateway_no_primary       0
  dom_mx_spf               0
  dom_mx_only              0
  dom_secondary            0
  dom_none                 0
  frgn_mx_spf              0
  frgn_mx_only             0
  frgn_secondary           0
  frgn_none                0
2026-10-06 09:05:28 | DEBUG   | logging:callHandlers:1737 | Using selector: KqueueSelector
2026-10-06 09:05:28 | INFO    | mail_municipalities.provider_classification.classifier:classify_many:379 | Rule hit summary:
  mx_spf                   0
  mx_only                  0
  spf_gw                   0
  dkim_gw                  0
  dkim_spf                 0
  spf_only                 0
  fallback                 0
  gateway_no_primary       0
  dom_mx_spf               0
  dom_mx_only              0
  dom_secondary            0
  dom_none                 0
  frgn_mx_spf              0
  frgn_mx_only             0
  frgn_secondary           0
  frgn_none                0
2026-10-06 09:05:28 | DEBUG   | logging:callHandlers:1737 | Using selector: KqueueSelector
2026-10-06 09:05:28 | WARNING | mail_municipalities.provider_classification.classifier:classify:319 | classify(a.com): no SPF record retrieved
2026-10-06 09:05:28 | DEBUG   | mail_municipalities.provider_classification.classifier:classify:335 | classify(a.com): provider=unknown confidence=0.00 rule=no_country_data signals=0
2026-10-06 09:05:28 | INFO    | mail_municipalities.provider_classification.classifier:classify_many:379 | Rule hit summary:
  mx_spf                   0
  mx_only                  0
  spf_gw                   0
  dkim_gw                  0
  dkim_spf                 0
  spf_only                 0
  fallback                 0
  gateway_no_primary       0
  dom_mx_spf               0
  dom_mx_only              0
  dom_secondary            0
  dom_none                 0
  frgn_mx_spf              0
  frgn_mx_only             0
  frgn_secondary           0
  frgn_none                0
2026-10-06 09:05:28 | DEBUG   | logging:callHandlers:1737 | Using selector: KqueueSelector
2026-10-06 09:05:28 | ERROR   | mail_municipalities.provider_classification.classifier:_bounded:365 | Classification failed for fail.com
Traceback (most recent call last):

  File "/Users/sven/coding/secassure2026/.venv/bin/pytest", line 10, in <module>
    sys.exit(console_main())
    │   │    └ <function console_main at 0x109ebad40>
    │   └ <built-in function exit>
    └ <module 'sys' (built-in)>
  File "/Users/sven/coding/secassure2026/.venv/lib/python3.13/site-packages/_pytest/config/__init__.py", line 223, in console_main
    code = main()
           └ <function main at 0x109ebaca0>
  File "/Users/sven/coding/secassure2026/.venv/lib/python3.13/site-packages/_pytest/config/__init__.py", line 199, in main
    ret: ExitCode | int = config.hook.pytest_cmdline_main(config=config)
         │                │      │    │                          └ <_pytest.config.Config object at 0x10a2fc050>
         │                │      │    └ <HookCaller 'pytest_cmdline_main'>
         │                │      └ <_pytest.config.compat.PathAwareHookProxy object at 0x10a2fcd70>
         │                └ <_pytest.config.Config object at 0x10a2fc050>
         └ <enum 'ExitCode'>
  File "/Users/sven/coding/secassure2026/.venv/lib/python3.13/site-packages/pluggy/_hooks.py", line 512, in __call__
    return self._hookexec(self.name, self._hookimpls.copy(), kwargs, firstresult)
           │    │         │    │     │    │                  │       └ True
           │    │         │    │     │    │                  └ {'config': <_pytest.config.Config object at 0x10a2fc050>}
           │    │         │    │     │    └ <member '_hookimpls' of 'HookCaller' objects>
           │    │         │    │     └ <HookCaller 'pytest_cmdline_main'>
           │    │         │    └ <member 'name' of 'HookCaller' objects>
           │    │         └ <HookCaller 'pytest_cmdline_main'>
           │    └ <member '_hookexec' of 'HookCaller' objects>
           └ <HookCaller 'pytest_cmdline_main'>
  File "/Users/sven/coding/secassure2026/.venv/lib/python3.13/site-packages/pluggy/_manager.py", line 120, in _hookexec
    return self._inner_hookexec(hook_name, methods, kwargs, firstresult)
           │    │               │          │        │       └ True
           │    │               │          │        └ {'config': <_pytest.config.Config object at 0x10a2fc050>}
           │    │               │          └ [<HookImpl plugin_name='main', plugin=<module '_pytest.main' from '/Users/sven/coding/secassure2026/.venv/lib/python3.13/site...
           │    │               └ 'pytest_cmdline_main'
           │    └ <function _multicall at 0x1052a1ee0>
           └ <_pytest.config.PytestPluginManager object at 0x104e5ef90>
  File "/Users/sven/coding/secassure2026/.venv/lib/python3.13/site-packages/pluggy/_callers.py", line 121, in _multicall
    res = hook_impl.function(*args)
          │         │         └ [<_pytest.config.Config object at 0x10a2fc050>]
          │         └ <member 'function' of 'HookImpl' objects>
          └ <HookImpl plugin_name='main', plugin=<module '_pytest.main' from '/Users/sven/coding/secassure2026/.venv/lib/python3.13/site-...
  File "/Users/sven/coding/secassure2026/.venv/lib/python3.13/site-packages/_pytest/main.py", line 365, in pytest_cmdline_main
    return wrap_session(config, _main)
           │            │       └ <function _main at 0x109f81f80>
           │            └ <_pytest.config.Config object at 0x10a2fc050>
           └ <function wrap_session at 0x109f81e40>
  File "/Users/sven/coding/secassure2026/.venv/lib/python3.13/site-packages/_pytest/main.py", line 318, in wrap_session
    session.exitstatus = doit(config, session) or 0
    │       │            │    │       └ <Session  exitstatus=<ExitCode.OK: 0> testsfailed=0 testscollected=979>
    │       │            │    └ <_pytest.config.Config object at 0x10a2fc050>
    │       │            └ <function _main at 0x109f81f80>
    │       └ <ExitCode.OK: 0>
    └ <Session  exitstatus=<ExitCode.OK: 0> testsfailed=0 testscollected=979>
  File "/Users/sven/coding/secassure2026/.venv/lib/python3.13/site-packages/_pytest/main.py", line 372, in _main
    config.hook.pytest_runtestloop(session=session)
    │      │    │                          └ <Session  exitstatus=<ExitCode.OK: 0> testsfailed=0 testscollected=979>
    │      │    └ <HookCaller 'pytest_runtestloop'>
    │      └ <_pytest.config.compat.PathAwareHookProxy object at 0x10a2fcd70>
    └ <_pytest.config.Config object at 0x10a2fc050>
  File "/Users/sven/coding/secassure2026/.venv/lib/python3.13/site-packages/pluggy/_hooks.py", line 512, in __call__
    return self._hookexec(self.name, self._hookimpls.copy(), kwargs, firstresult)
           │    │         │    │     │    │                  │       └ True
           │    │         │    │     │    │                  └ {'session': <Session  exitstatus=<ExitCode.OK: 0> testsfailed=0 testscollected=979>}
           │    │         │    │     │    └ <member '_hookimpls' of 'HookCaller' objects>
           │    │         │    │     └ <HookCaller 'pytest_runtestloop'>
           │    │         │    └ <member 'name' of 'HookCaller' objects>
           │    │         └ <HookCaller 'pytest_runtestloop'>
           │    └ <member '_hookexec' of 'HookCaller' objects>
           └ <HookCaller 'pytest_runtestloop'>
  File "/Users/sven/coding/secassure2026/.venv/lib/python3.13/site-packages/pluggy/_manager.py", line 120, in _hookexec
    return self._inner_hookexec(hook_name, methods, kwargs, firstresult)
           │    │               │          │        │       └ True
           │    │               │          │        └ {'session': <Session  exitstatus=<ExitCode.OK: 0> testsfailed=0 testscollected=979>}
           │    │               │          └ [<HookImpl plugin_name='main', plugin=<module '_pytest.main' from '/Users/sven/coding/secassure2026/.venv/lib/python3.13/site...
           │    │               └ 'pytest_runtestloop'
           │    └ <function _multicall at 0x1052a1ee0>
           └ <_pytest.config.PytestPluginManager object at 0x104e5ef90>
  File "/Users/sven/coding/secassure2026/.venv/lib/python3.13/site-packages/pluggy/_callers.py", line 121, in _multicall
    res = hook_impl.function(*args)
          │         │         └ [<Session  exitstatus=<ExitCode.OK: 0> testsfailed=0 testscollected=979>]
          │         └ <member 'function' of 'HookImpl' objects>
          └ <HookImpl plugin_name='main', plugin=<module '_pytest.main' from '/Users/sven/coding/secassure2026/.venv/lib/python3.13/site-...
  File "/Users/sven/coding/secassure2026/.venv/lib/python3.13/site-packages/_pytest/main.py", line 396, in pytest_runtestloop
    item.config.hook.pytest_runtest_protocol(item=item, nextitem=nextitem)
    │    │                                        │              └ <Function test_provider_rule_mx_spf_tenant>
    │    │                                        └ <Coroutine test_error_isolation_skips_failing_domain>
    │    └ <member 'config' of 'Node' objects>
    └ <Coroutine test_error_isolation_skips_failing_domain>
  File "/Users/sven/coding/secassure2026/.venv/lib/python3.13/site-packages/pluggy/_hooks.py", line 512, in __call__
    return self._hookexec(self.name, self._hookimpls.copy(), kwargs, firstresult)
           │    │         │    │     │    │                  │       └ True
           │    │         │    │     │    │                  └ {'item': <Coroutine test_error_isolation_skips_failing_domain>, 'nextitem': <Function test_provider_rule_mx_spf_tenant>}
           │    │         │    │     │    └ <member '_hookimpls' of 'HookCaller' objects>
           │    │         │    │     └ <HookCaller 'pytest_runtest_protocol'>
           │    │         │    └ <member 'name' of 'HookCaller' objects>
           │    │         └ <HookCaller 'pytest_runtest_protocol'>
           │    └ <member '_hookexec' of 'HookCaller' objects>
           └ <HookCaller 'pytest_runtest_protocol'>
  File "/Users/sven/coding/secassure2026/.venv/lib/python3.13/site-packages/pluggy/_manager.py", line 120, in _hookexec
    return self._inner_hookexec(hook_name, methods, kwargs, firstresult)
           │    │               │          │        │       └ True
           │    │               │          │        └ {'item': <Coroutine test_error_isolation_skips_failing_domain>, 'nextitem': <Function test_provider_rule_mx_spf_tenant>}
           │    │               │          └ [<HookImpl plugin_name='runner', plugin=<module '_pytest.runner' from '/Users/sven/coding/secassure2026/.venv/lib/python3.13/...
           │    │               └ 'pytest_runtest_protocol'
           │    └ <function _multicall at 0x1052a1ee0>
           └ <_pytest.config.PytestPluginManager object at 0x104e5ef90>
  File "/Users/sven/coding/secassure2026/.venv/lib/python3.13/site-packages/pluggy/_callers.py", line 121, in _multicall
    res = hook_impl.function(*args)
          │         │         └ [<Coroutine test_error_isolation_skips_failing_domain>, <Function test_provider_rule_mx_spf_tenant>]
          │         └ <member 'function' of 'HookImpl' objects>
          └ <HookImpl plugin_name='runner', plugin=<module '_pytest.runner' from '/Users/sven/coding/secassure2026/.venv/lib/python3.13/s...
  File "/Users/sven/coding/secassure2026/.venv/lib/python3.13/site-packages/_pytest/runner.py", line 118, in pytest_runtest_protocol
    runtestprotocol(item, nextitem=nextitem)
    │               │              └ <Function test_provider_rule_mx_spf_tenant>
    │               └ <Coroutine test_error_isolation_skips_failing_domain>
    └ <function runtestprotocol at 0x109f81080>
  File "/Users/sven/coding/secassure2026/.venv/lib/python3.13/site-packages/_pytest/runner.py", line 137, in runtestprotocol
    reports.append(call_and_report(item, "call", log))
    │       │      │               │             └ True
    │       │      │               └ <Coroutine test_error_isolation_skips_failing_domain>
    │       │      └ <function call_and_report at 0x109f814e0>
    │       └ <method 'append' of 'list' objects>
    └ [<TestReport 'tests/provider_classification/test_classifier.py::TestClassifyMany::test_error_isolation_skips_failing_domain' ...
  File "/Users/sven/coding/secassure2026/.venv/lib/python3.13/site-packages/_pytest/runner.py", line 244, in call_and_report
    call = CallInfo.from_call(
           │        └ <classmethod(<function CallInfo.from_call at 0x109f818a0>)>
           └ <class '_pytest.runner.CallInfo'>
  File "/Users/sven/coding/secassure2026/.venv/lib/python3.13/site-packages/_pytest/runner.py", line 353, in from_call
    result: TResult | None = func()
            │                └ <function call_and_report.<locals>.<lambda> at 0x115592200>
            └ +TResult
  File "/Users/sven/coding/secassure2026/.venv/lib/python3.13/site-packages/_pytest/runner.py", line 245, in <lambda>
    lambda: runtest_hook(item=item, **kwds),
            │                 │       └ {}
            │                 └ <Coroutine test_error_isolation_skips_failing_domain>
            └ <HookCaller 'pytest_runtest_call'>
  File "/Users/sven/coding/secassure2026/.venv/lib/python3.13/site-packages/pluggy/_hooks.py", line 512, in __call__
    return self._hookexec(self.name, self._hookimpls.copy(), kwargs, firstresult)
           │    │         │    │     │    │                  │       └ False
           │    │         │    │     │    │                  └ {'item': <Coroutine test_error_isolation_skips_failing_domain>}
           │    │         │    │     │    └ <member '_hookimpls' of 'HookCaller' objects>
           │    │         │    │     └ <HookCaller 'pytest_runtest_call'>
           │    │         │    └ <member 'name' of 'HookCaller' objects>
           │    │         └ <HookCaller 'pytest_runtest_call'>
           │    └ <member '_hookexec' of 'HookCaller' objects>
           └ <HookCaller 'pytest_runtest_call'>
  File "/Users/sven/coding/secassure2026/.venv/lib/python3.13/site-packages/pluggy/_manager.py", line 120, in _hookexec
    return self._inner_hookexec(hook_name, methods, kwargs, firstresult)
           │    │               │          │        │       └ False
           │    │               │          │        └ {'item': <Coroutine test_error_isolation_skips_failing_domain>}
           │    │               │          └ [<HookImpl plugin_name='threadexception', plugin=<module '_pytest.threadexception' from '/Users/sven/coding/secassure2026/.ve...
           │    │               └ 'pytest_runtest_call'
           │    └ <function _multicall at 0x1052a1ee0>
           └ <_pytest.config.PytestPluginManager object at 0x104e5ef90>
  File "/Users/sven/coding/secassure2026/.venv/lib/python3.13/site-packages/pluggy/_callers.py", line 121, in _multicall
    res = hook_impl.function(*args)
          │         │         └ [<Coroutine test_error_isolation_skips_failing_domain>]
          │         └ <member 'function' of 'HookImpl' objects>
          └ <HookImpl plugin_name='runner', plugin=<module '_pytest.runner' from '/Users/sven/coding/secassure2026/.venv/lib/python3.13/s...
  File "/Users/sven/coding/secassure2026/.venv/lib/python3.13/site-packages/_pytest/runner.py", line 179, in pytest_runtest_call
    item.runtest()
    │    └ <function PytestAsyncioFunction.runtest at 0x10b45a2a0>
    └ <Coroutine test_error_isolation_skips_failing_domain>
  File "/Users/sven/coding/secassure2026/.venv/lib/python3.13/site-packages/pytest_asyncio/plugin.py", line 469, in runtest
    super().runtest()
  File "/Users/sven/coding/secassure2026/.venv/lib/python3.13/site-packages/_pytest/python.py", line 1720, in runtest
    self.ihook.pytest_pyfunc_call(pyfuncitem=self)
    │    │                                   └ <Coroutine test_error_isolation_skips_failing_domain>
    │    └ <property object at 0x109ef0180>
    └ <Coroutine test_error_isolation_skips_failing_domain>
  File "/Users/sven/coding/secassure2026/.venv/lib/python3.13/site-packages/pluggy/_hooks.py", line 512, in __call__
    return self._hookexec(self.name, self._hookimpls.copy(), kwargs, firstresult)
           │    │         │    │     │    │                  │       └ True
           │    │         │    │     │    │                  └ {'pyfuncitem': <Coroutine test_error_isolation_skips_failing_domain>}
           │    │         │    │     │    └ <member '_hookimpls' of 'HookCaller' objects>
           │    │         │    │     └ <HookCaller 'pytest_pyfunc_call'>
           │    │         │    └ <member 'name' of 'HookCaller' objects>
           │    │         └ <HookCaller 'pytest_pyfunc_call'>
           │    └ <member '_hookexec' of 'HookCaller' objects>
           └ <HookCaller 'pytest_pyfunc_call'>
  File "/Users/sven/coding/secassure2026/.venv/lib/python3.13/site-packages/pluggy/_manager.py", line 120, in _hookexec
    return self._inner_hookexec(hook_name, methods, kwargs, firstresult)
           │    │               │          │        │       └ True
           │    │               │          │        └ {'pyfuncitem': <Coroutine test_error_isolation_skips_failing_domain>}
           │    │               │          └ [<HookImpl plugin_name='python', plugin=<module '_pytest.python' from '/Users/sven/coding/secassure2026/.venv/lib/python3.13/...
           │    │               └ 'pytest_pyfunc_call'
           │    └ <function _multicall at 0x1052a1ee0>
           └ <_pytest.config.PytestPluginManager object at 0x104e5ef90>
  File "/Users/sven/coding/secassure2026/.venv/lib/python3.13/site-packages/pluggy/_callers.py", line 121, in _multicall
    res = hook_impl.function(*args)
          │         │         └ [<Coroutine test_error_isolation_skips_failing_domain>]
          │         └ <member 'function' of 'HookImpl' objects>
          └ <HookImpl plugin_name='python', plugin=<module '_pytest.python' from '/Users/sven/coding/secassure2026/.venv/lib/python3.13/s...
  File "/Users/sven/coding/secassure2026/.venv/lib/python3.13/site-packages/_pytest/python.py", line 166, in pytest_pyfunc_call
    result = testfunction(**testargs)
             │              └ {}
             └ <function TestClassifyMany.test_error_isolation_skips_failing_domain at 0x116345760>
  File "/Users/sven/coding/secassure2026/.venv/lib/python3.13/site-packages/pytest_asyncio/plugin.py", line 716, in inner
    runner.run(coro, context=context)
    │      │   │             └ <_contextvars.Context object at 0x114b4dfc0>
    │      │   └ <coroutine object TestClassifyMany.test_error_isolation_skips_failing_domain at 0x1158b5fe0>
    │      └ <function Runner.run at 0x10b0fdb20>
    └ <asyncio.runners.Runner object at 0x1155a6b50>
  File "/Library/Frameworks/Python.framework/Versions/3.13/lib/python3.13/asyncio/runners.py", line 118, in run
    return self._loop.run_until_complete(task)
           │    │     │                  └ <Task pending name='Task-576' coro=<TestClassifyMany.test_error_isolation_skips_failing_domain() running at /Users/sven/codin...
           │    │     └ <function BaseEventLoop.run_until_complete at 0x10b0f74c0>
           │    └ <_UnixSelectorEventLoop running=True closed=False debug=False>
           └ <asyncio.runners.Runner object at 0x1155a6b50>
  File "/Library/Frameworks/Python.framework/Versions/3.13/lib/python3.13/asyncio/base_events.py", line 712, in run_until_complete
    self.run_forever()
    │    └ <function BaseEventLoop.run_forever at 0x10b0f7420>
    └ <_UnixSelectorEventLoop running=True closed=False debug=False>
  File "/Library/Frameworks/Python.framework/Versions/3.13/lib/python3.13/asyncio/base_events.py", line 683, in run_forever
    self._run_once()
    │    └ <function BaseEventLoop._run_once at 0x10b0fd260>
    └ <_UnixSelectorEventLoop running=True closed=False debug=False>
  File "/Library/Frameworks/Python.framework/Versions/3.13/lib/python3.13/asyncio/base_events.py", line 2050, in _run_once
    handle._run()
    │      └ <function Handle._run at 0x10b0763e0>
    └ <Handle <_asyncio.TaskStepMethWrapper object at 0x1155c8370>()>
  File "/Library/Frameworks/Python.framework/Versions/3.13/lib/python3.13/asyncio/events.py", line 89, in _run
    self._context.run(self._callback, *self._args)
    │    │            │    │           │    └ <member '_args' of 'Handle' objects>
    │    │            │    │           └ <Handle <_asyncio.TaskStepMethWrapper object at 0x1155c8370>()>
    │    │            │    └ <member '_callback' of 'Handle' objects>
    │    │            └ <Handle <_asyncio.TaskStepMethWrapper object at 0x1155c8370>()>
    │    └ <member '_context' of 'Handle' objects>
    └ <Handle <_asyncio.TaskStepMethWrapper object at 0x1155c8370>()>

> File "/Users/sven/coding/secassure2026/src/mail_municipalities/provider_classification/classifier.py", line 362, in _bounded
    result = await classify(domain, country_code=country_code)
                   │        │                    └ None
                   │        └ 'fail.com'
                   └ <AsyncMock name='classify' id='4667003568'>

  File "/Library/Frameworks/Python.framework/Versions/3.13/lib/python3.13/unittest/mock.py", line 2332, in _execute_mock_call
    result = await effect(*args, **kwargs)
                   │       │       └ {'country_code': None}
                   │       └ ('fail.com',)
                   └ <function TestClassifyMany.test_error_isolation_skips_failing_domain.<locals>._flaky_classify at 0x116345940>

  File "/Users/sven/coding/secassure2026/tests/provider_classification/test_classifier.py", line 1187, in _flaky_classify
    raise RuntimeError("boom")

RuntimeError: boom
2026-10-06 09:05:28 | INFO    | mail_municipalities.provider_classification.classifier:classify_many:379 | Rule hit summary:
  mx_spf                   0
  mx_only                  0
  spf_gw                   0
  dkim_gw                  0
  dkim_spf                 0
  spf_only                 0
  fallback                 0
  gateway_no_primary       0
  dom_mx_spf               0
  dom_mx_only              0
  dom_secondary            0
  dom_none                 0
  frgn_mx_spf              0
  frgn_mx_only             0
  frgn_secondary           0
  frgn_none                0
2026-10-06 09:05:28 | DEBUG   | mail_municipalities.provider_classification.classifier:_rule_confidence:132 | rule=mx_spf base=0.90 provider=ms365
2026-10-06 09:05:28 | DEBUG   | mail_municipalities.provider_classification.classifier:_rule_confidence:132 | rule=mx_only base=0.80 provider=ms365
2026-10-06 09:05:28 | DEBUG   | mail_municipalities.provider_classification.classifier:_rule_confidence:132 | rule=spf_gw base=0.70 provider=ms365
2026-10-06 09:05:28 | DEBUG   | mail_municipalities.provider_classification.classifier:_rule_confidence:132 | rule=fallback base=0.40 provider=ms365
2026-10-06 09:05:28 | DEBUG   | mail_municipalities.provider_classification.classifier:_rule_confidence:132 | rule=mx_only base=0.80 provider=ms365
2026-10-06 09:05:28 | DEBUG   | mail_municipalities.provider_classification.classifier:_rule_confidence:132 | rule=mx_only base=0.80 provider=ms365
2026-10-06 09:05:28 | DEBUG   | mail_municipalities.provider_classification.classifier:_rule_confidence:132 | rule=mx_only base=0.80 provider=ms365
2026-10-06 09:05:28 | DEBUG   | logging:callHandlers:1737 | Using selector: KqueueSelector
2026-10-06 09:05:28 | INFO    | mail_municipalities.provider_classification.classifier:classify_many:379 | Rule hit summary:
  mx_spf                   2
  mx_only                  0
  spf_gw                   0
  dkim_gw                  0
  dkim_spf                 0
  spf_only                 0
  fallback                 0
  gateway_no_primary       0
  dom_mx_spf               0
  dom_mx_only              0
  dom_secondary            0
  dom_none                 0
  frgn_mx_spf              0
  frgn_mx_only             0
  frgn_secondary           0
  frgn_none                0
2026-10-06 09:05:28 | DEBUG   | logging:callHandlers:1737 | Using selector: KqueueSelector
2026-10-06 09:05:28 | DEBUG   | logging:callHandlers:1737 | Using selector: KqueueSelector
2026-10-06 09:05:28 | DEBUG   | logging:callHandlers:1737 | Using selector: KqueueSelector
2026-10-06 09:05:28 | DEBUG   | logging:callHandlers:1737 | Using selector: KqueueSelector
2026-10-06 09:05:28 | DEBUG   | logging:callHandlers:1737 | Using selector: KqueueSelector
2026-10-06 09:05:28 | DEBUG   | logging:callHandlers:1737 | Using selector: KqueueSelector
2026-10-06 09:05:28 | DEBUG   | logging:callHandlers:1737 | Using selector: KqueueSelector
2026-10-06 09:05:28 | DEBUG   | logging:callHandlers:1737 | Using selector: KqueueSelector
2026-10-06 09:05:28 | DEBUG   | logging:callHandlers:1737 | Using selector: KqueueSelector
2026-10-06 09:05:28 | DEBUG   | logging:callHandlers:1737 | Using selector: KqueueSelector
2026-10-06 09:05:28 | DEBUG   | logging:callHandlers:1737 | Using selector: KqueueSelector
2026-10-06 09:05:28 | DEBUG   | logging:callHandlers:1737 | Using selector: KqueueSelector
2026-10-06 09:05:28 | DEBUG   | logging:callHandlers:1737 | Using selector: KqueueSelector
2026-10-06 09:05:28 | DEBUG   | logging:callHandlers:1737 | Using selector: KqueueSelector
2026-10-06 09:05:28 | DEBUG   | logging:callHandlers:1737 | Using selector: KqueueSelector
2026-10-06 09:05:28 | DEBUG   | logging:callHandlers:1737 | Using selector: KqueueSelector
2026-10-06 09:05:28 | DEBUG   | logging:callHandlers:1737 | Using selector: KqueueSelector
2026-10-06 09:05:28 | DEBUG   | logging:callHandlers:1737 | Using selector: KqueueSelector
2026-10-06 09:05:28 | DEBUG   | logging:callHandlers:1737 | Using selector: KqueueSelector
2026-10-06 09:05:28 | DEBUG   | logging:callHandlers:1737 | Using selector: KqueueSelector
2026-10-06 09:05:28 | DEBUG   | logging:callHandlers:1737 | Using selector: KqueueSelector
2026-10-06 09:05:28 | DEBUG   | logging:callHandlers:1737 | Using selector: KqueueSelector
2026-10-06 09:05:28 | DEBUG   | logging:callHandlers:1737 | Using selector: KqueueSelector
2026-10-06 09:05:28 | DEBUG   | logging:callHandlers:1737 | Using selector: KqueueSelector
2026-10-06 09:05:28 | DEBUG   | logging:callHandlers:1737 | Using selector: KqueueSelector
2026-10-06 09:05:28 | DEBUG   | logging:callHandlers:1737 | Using selector: KqueueSelector
2026-10-06 09:05:28 | DEBUG   | mail_municipalities.provider_classification.probes:probe_smtp:266 | SMTP banner fetch failed for mx.example.com: Connection refused
2026-10-06 09:05:28 | DEBUG   | logging:callHandlers:1737 | Using selector: KqueueSelector
2026-10-06 09:05:28 | DEBUG   | logging:callHandlers:1737 | Using selector: KqueueSelector
2026-10-06 09:05:28 | DEBUG   | logging:callHandlers:1737 | Using selector: KqueueSelector
2026-10-06 09:05:28 | DEBUG   | logging:callHandlers:1737 | Using selector: KqueueSelector
2026-10-06 09:05:28 | DEBUG   | mail_municipalities.provider_classification.probes:probe_tenant:325 | Tenant check failed for example.com: Connection error
2026-10-06 09:05:28 | DEBUG   | logging:callHandlers:1737 | Using selector: KqueueSelector
2026-10-06 09:05:28 | DEBUG   | logging:callHandlers:1737 | Using selector: KqueueSelector
2026-10-06 09:05:28 | DEBUG   | logging:callHandlers:1737 | Using selector: KqueueSelector
2026-10-06 09:05:28 | DEBUG   | logging:callHandlers:1737 | Using selector: KqueueSelector
2026-10-06 09:05:28 | DEBUG   | logging:callHandlers:1737 | Using selector: KqueueSelector
2026-10-06 09:05:28 | DEBUG   | logging:callHandlers:1737 | Using selector: KqueueSelector
2026-10-06 09:05:28 | DEBUG   | logging:callHandlers:1737 | Using selector: KqueueSelector
2026-10-06 09:05:28 | DEBUG   | logging:callHandlers:1737 | Using selector: KqueueSelector
2026-10-06 09:05:28 | DEBUG   | logging:callHandlers:1737 | Using selector: KqueueSelector
2026-10-06 09:05:28 | DEBUG   | logging:callHandlers:1737 | Using selector: KqueueSelector
2026-10-06 09:05:28 | DEBUG   | logging:callHandlers:1737 | Using selector: KqueueSelector
2026-10-06 09:05:28 | DEBUG   | logging:callHandlers:1737 | Using selector: KqueueSelector
2026-10-06 09:05:28 | DEBUG   | logging:callHandlers:1737 | Using selector: KqueueSelector
2026-10-06 09:05:28 | DEBUG   | logging:callHandlers:1737 | Using selector: KqueueSelector
2026-10-06 09:05:28 | DEBUG   | logging:callHandlers:1737 | Using selector: KqueueSelector
2026-10-06 09:05:28 | DEBUG   | logging:callHandlers:1737 | Using selector: KqueueSelector
2026-10-06 09:05:28 | WARNING | logging:callHandlers:1737 | stamina.retry_scheduled
2026-10-06 09:05:29 | DEBUG   | logging:callHandlers:1737 | Using selector: KqueueSelector
2026-10-06 09:05:29 | WARNING | logging:callHandlers:1737 | stamina.retry_scheduled
2026-10-06 09:05:31 | DEBUG   | mail_municipalities.provider_classification.probes:probe_tenant:325 | Tenant check failed for example.com: 503
2026-10-06 09:05:31 | INFO    | mail_municipalities.provider_classification.runner:_load_provider_overrides:159 | Loaded 1 provider overrides from data/at/provider_overrides.json
2026-10-06 09:05:31 | WARNING | mail_municipalities.provider_classification.runner:_load_provider_overrides:152 | provider override 111: missing fields ['operator', 'source'] — skipped
2026-10-06 09:05:31 | INFO    | mail_municipalities.provider_classification.runner:_load_provider_overrides:159 | Loaded 1 provider overrides from data/at/provider_overrides.json
2026-10-06 09:05:31 | WARNING | mail_municipalities.provider_classification.runner:_load_provider_overrides:155 | provider override 111: invalid provider 'azure' — skipped
2026-10-06 09:05:31 | INFO    | mail_municipalities.provider_classification.runner:_load_provider_overrides:159 | Loaded 0 provider overrides from data/at/provider_overrides.json
2026-10-06 09:05:31 | INFO    | mail_municipalities.provider_classification.runner:_load_provider_overrides:159 | Loaded 0 provider overrides from data/at/provider_overrides.json
2026-10-06 09:05:31 | INFO    | mail_municipalities.provider_classification.runner:_apply_provider_overrides:177 | provider override available for 20923 (Wolfsberg) but auto-classification is 'microsoft' — not applied
2026-10-06 09:05:31 | WARNING | mail_municipalities.provider_classification.runner:_apply_provider_overrides:172 | provider override for 99999 but municipality not in results
2026-10-06 09:05:31 | INFO    | mail_municipalities.provider_classification.runner:_apply_provider_overrides:177 | provider override available for 002 (B) but auto-classification is 'microsoft' — not applied
2026-10-06 09:05:31 | DEBUG   | logging:callHandlers:1737 | Using selector: KqueueSelector
2026-10-06 09:05:31 | INFO    | mail_municipalities.provider_classification.runner:run:199 | Classifying 2 municipalities
2026-10-06 09:05:31 | INFO    | mail_municipalities.provider_classification.runner:run:243 | [   1/2] ktn.gde.at: provider=unknown confidence=0.00 signals=0
2026-10-06 09:05:31 | INFO    | mail_municipalities.provider_classification.runner:run:243 | [   2/2] wolfsberg.at: provider=ms365 confidence=0.92 signals=0
2026-10-06 09:05:31 | INFO    | mail_municipalities.provider_classification.runner:_load_provider_overrides:159 | Loaded 2 provider overrides from data/at/provider_overrides.json
2026-10-06 09:05:31 | INFO    | mail_municipalities.provider_classification.runner:_apply_provider_overrides:177 | provider override available for 20923 (Wolfsberg) but auto-classification is 'microsoft' — not applied
2026-10-06 09:05:31 | INFO    | mail_municipalities.provider_classification.runner:run:258 | Provider overrides: 2 available, 1 applied
2026-10-06 09:05:31 | INFO    | mail_municipalities.provider_classification.runner:run:270 | --- Classification: 2 municipalities in 0.0s ---
2026-10-06 09:05:31 | INFO    | mail_municipalities.provider_classification.runner:run:271 |   US Cloud             1  (MS=1 Google=0 AWS=0)
2026-10-06 09:05:31 | INFO    | mail_municipalities.provider_classification.runner:run:278 |   Domestic             1
2026-10-06 09:05:31 | INFO    | mail_municipalities.provider_classification.runner:run:282 |   Foreign              0
2026-10-06 09:05:31 | INFO    | mail_municipalities.provider_classification.runner:run:286 |   Unknown/No MX        0
2026-10-06 09:05:31 | INFO    | mail_municipalities.provider_classification.runner:run:320 | Wrote /private/var/folders/_1/ps955n893vg4qk90_8vxwpph0000gn/T/pytest-of-sven/pytest-1/test_run_applies_overrides0/providers_at.json (0.6748046875 KB)
2026-10-06 09:05:31 | INFO    | mail_municipalities.provider_classification.runner:run:321 | Wrote /private/var/folders/_1/ps955n893vg4qk90_8vxwpph0000gn/T/pytest-of-sven/pytest-1/test_run_applies_overrides0/providers_at.min.json (1 KB)
2026-10-06 09:05:31 | DEBUG   | logging:callHandlers:1737 | Using selector: KqueueSelector
2026-10-06 09:05:31 | INFO    | mail_municipalities.provider_classification.runner:run:199 | Classifying 2 municipalities
2026-10-06 09:05:31 | INFO    | mail_municipalities.provider_classification.runner:run:243 | [   1/2] ktn.gde.at: provider=unknown confidence=0.00 signals=0
2026-10-06 09:05:31 | INFO    | mail_municipalities.provider_classification.runner:run:243 | [   2/2] wolfsberg.at: provider=ms365 confidence=0.92 signals=0
2026-10-06 09:05:31 | INFO    | mail_municipalities.provider_classification.runner:_load_provider_overrides:159 | Loaded 2 provider overrides from data/at/provider_overrides.json
2026-10-06 09:05:31 | INFO    | mail_municipalities.provider_classification.runner:_apply_provider_overrides:177 | provider override available for 20923 (Wolfsberg) but auto-classification is 'microsoft' — not applied
2026-10-06 09:05:31 | INFO    | mail_municipalities.provider_classification.runner:run:258 | Provider overrides: 2 available, 1 applied
2026-10-06 09:05:31 | INFO    | mail_municipalities.provider_classification.runner:run:270 | --- Classification: 2 municipalities in 0.0s ---
2026-10-06 09:05:31 | INFO    | mail_municipalities.provider_classification.runner:run:271 |   US Cloud             1  (MS=1 Google=0 AWS=0)
2026-10-06 09:05:31 | INFO    | mail_municipalities.provider_classification.runner:run:278 |   Domestic             1
2026-10-06 09:05:31 | INFO    | mail_municipalities.provider_classification.runner:run:282 |   Foreign              0
2026-10-06 09:05:31 | INFO    | mail_municipalities.provider_classification.runner:run:286 |   Unknown/No MX        0
2026-10-06 09:05:31 | INFO    | mail_municipalities.provider_classification.runner:run:320 | Wrote /private/var/folders/_1/ps955n893vg4qk90_8vxwpph0000gn/T/pytest-of-sven/pytest-1/test_run_counts_reflect_overri0/providers_at.json (0.6337890625 KB)
2026-10-06 09:05:31 | INFO    | mail_municipalities.provider_classification.runner:run:321 | Wrote /private/var/folders/_1/ps955n893vg4qk90_8vxwpph0000gn/T/pytest-of-sven/pytest-1/test_run_counts_reflect_overri0/providers_at.min.json (1 KB)
2026-10-06 09:05:31 | DEBUG   | logging:callHandlers:1737 | Using selector: KqueueSelector
2026-10-06 09:05:31 | INFO    | mail_municipalities.provider_classification.runner:run:199 | Classifying 2 municipalities
2026-10-06 09:05:31 | INFO    | mail_municipalities.provider_classification.runner:run:243 | [   1/2] ktn.gde.at: provider=unknown confidence=0.00 signals=0
2026-10-06 09:05:31 | INFO    | mail_municipalities.provider_classification.runner:run:243 | [   2/2] wolfsberg.at: provider=unknown confidence=0.00 signals=0
2026-10-06 09:05:31 | INFO    | mail_municipalities.provider_classification.runner:_load_provider_overrides:159 | Loaded 2 provider overrides from data/at/provider_overrides.json
2026-10-06 09:05:31 | INFO    | mail_municipalities.provider_classification.runner:run:258 | Provider overrides: 2 available, 2 applied
2026-10-06 09:05:31 | INFO    | mail_municipalities.provider_classification.runner:run:270 | --- Classification: 2 municipalities in 0.0s ---
2026-10-06 09:05:31 | INFO    | mail_municipalities.provider_classification.runner:run:271 |   US Cloud             0  (MS=0 Google=0 AWS=0)
2026-10-06 09:05:31 | INFO    | mail_municipalities.provider_classification.runner:run:278 |   Domestic             2
2026-10-06 09:05:31 | INFO    | mail_municipalities.provider_classification.runner:run:282 |   Foreign              0
2026-10-06 09:05:31 | INFO    | mail_municipalities.provider_classification.runner:run:286 |   Unknown/No MX        0
2026-10-06 09:05:31 | INFO    | mail_municipalities.provider_classification.runner:run:320 | Wrote /private/var/folders/_1/ps955n893vg4qk90_8vxwpph0000gn/T/pytest-of-sven/pytest-1/test_run_minified_includes_ove0/providers_at.json (0.6875 KB)
2026-10-06 09:05:31 | INFO    | mail_municipalities.provider_classification.runner:run:321 | Wrote /private/var/folders/_1/ps955n893vg4qk90_8vxwpph0000gn/T/pytest-of-sven/pytest-1/test_run_minified_includes_ove0/providers_at.min.json (1 KB)
2026-10-06 09:05:31 | DEBUG   | logging:callHandlers:1737 | Using selector: KqueueSelector
2026-10-06 09:05:31 | INFO    | mail_municipalities.provider_classification.runner:run:199 | Classifying 2 municipalities
2026-10-06 09:05:31 | INFO    | mail_municipalities.provider_classification.runner:run:243 | [   1/2] ktn.gde.at: provider=ms365 confidence=0.92 signals=0
2026-10-06 09:05:31 | INFO    | mail_municipalities.provider_classification.runner:run:243 | [   2/2] wolfsberg.at: provider=ms365 confidence=0.92 signals=0
2026-10-06 09:05:31 | INFO    | mail_municipalities.provider_classification.runner:run:270 | --- Classification: 2 municipalities in 0.0s ---
2026-10-06 09:05:31 | INFO    | mail_municipalities.provider_classification.runner:run:271 |   US Cloud             2  (MS=2 Google=0 AWS=0)
2026-10-06 09:05:31 | INFO    | mail_municipalities.provider_classification.runner:run:278 |   Domestic             0
2026-10-06 09:05:31 | INFO    | mail_municipalities.provider_classification.runner:run:282 |   Foreign              0
2026-10-06 09:05:31 | INFO    | mail_municipalities.provider_classification.runner:run:286 |   Unknown/No MX        0
2026-10-06 09:05:31 | INFO    | mail_municipalities.provider_classification.runner:run:320 | Wrote /private/var/folders/_1/ps955n893vg4qk90_8vxwpph0000gn/T/pytest-of-sven/pytest-1/test_run_without_overrides_unc0/providers_at.json (0.5498046875 KB)
2026-10-06 09:05:31 | INFO    | mail_municipalities.provider_classification.runner:run:321 | Wrote /private/var/folders/_1/ps955n893vg4qk90_8vxwpph0000gn/T/pytest-of-sven/pytest-1/test_run_without_overrides_unc0/providers_at.min.json (0 KB)
2026-10-06 09:05:31 | DEBUG   | logging:callHandlers:1737 | Using selector: KqueueSelector
2026-10-06 09:05:31 | INFO    | mail_municipalities.provider_classification.runner:run:199 | Classifying 2 municipalities
2026-10-06 09:05:31 | INFO    | mail_municipalities.provider_classification.runner:run:243 | [   1/2] bern.ch: provider=ms365 confidence=0.40 signals=1
2026-10-06 09:05:31 | INFO    | mail_municipalities.provider_classification.runner:run:270 | --- Classification: 2 municipalities in 0.0s ---
2026-10-06 09:05:31 | INFO    | mail_municipalities.provider_classification.runner:run:271 |   US Cloud             1  (MS=1 Google=0 AWS=0)
2026-10-06 09:05:31 | INFO    | mail_municipalities.provider_classification.runner:run:278 |   Domestic             0
2026-10-06 09:05:31 | INFO    | mail_municipalities.provider_classification.runner:run:282 |   Foreign              0
2026-10-06 09:05:31 | INFO    | mail_municipalities.provider_classification.runner:run:286 |   Unknown/No MX        1
2026-10-06 09:05:31 | INFO    | mail_municipalities.provider_classification.runner:run:320 | Wrote /private/var/folders/_1/ps955n893vg4qk90_8vxwpph0000gn/T/pytest-of-sven/pytest-1/test_run_writes_output0/providers_ch.json (0.6494140625 KB)
2026-10-06 09:05:31 | INFO    | mail_municipalities.provider_classification.runner:run:321 | Wrote /private/var/folders/_1/ps955n893vg4qk90_8vxwpph0000gn/T/pytest-of-sven/pytest-1/test_run_writes_output0/providers_ch.min.json (1 KB)
2026-10-06 09:05:31 | DEBUG   | logging:callHandlers:1737 | Using selector: KqueueSelector
2026-10-06 09:05:31 | INFO    | mail_municipalities.provider_classification.runner:run:199 | Classifying 2 municipalities
2026-10-06 09:05:31 | INFO    | mail_municipalities.provider_classification.runner:run:243 | [   1/2] bern.ch: provider=ms365 confidence=0.40 signals=0
2026-10-06 09:05:31 | INFO    | mail_municipalities.provider_classification.runner:run:270 | --- Classification: 2 municipalities in 0.0s ---
2026-10-06 09:05:31 | INFO    | mail_municipalities.provider_classification.runner:run:271 |   US Cloud             1  (MS=1 Google=0 AWS=0)
2026-10-06 09:05:31 | INFO    | mail_municipalities.provider_classification.runner:run:278 |   Domestic             0
2026-10-06 09:05:31 | INFO    | mail_municipalities.provider_classification.runner:run:282 |   Foreign              0
2026-10-06 09:05:31 | INFO    | mail_municipalities.provider_classification.runner:run:286 |   Unknown/No MX        1
2026-10-06 09:05:31 | INFO    | mail_municipalities.provider_classification.runner:run:320 | Wrote /private/var/folders/_1/ps955n893vg4qk90_8vxwpph0000gn/T/pytest-of-sven/pytest-1/test_run_no_domain_entry0/providers_ch.json (0.5390625 KB)
2026-10-06 09:05:31 | INFO    | mail_municipalities.provider_classification.runner:run:321 | Wrote /private/var/folders/_1/ps955n893vg4qk90_8vxwpph0000gn/T/pytest-of-sven/pytest-1/test_run_no_domain_entry0/providers_ch.min.json (0 KB)
2026-10-06 09:05:31 | DEBUG   | logging:callHandlers:1737 | Using selector: KqueueSelector
2026-10-06 09:05:31 | INFO    | mail_municipalities.provider_classification.runner:run:199 | Classifying 1 municipalities
2026-10-06 09:05:31 | INFO    | mail_municipalities.provider_classification.runner:run:243 | [   1/1] town.ch: provider=google confidence=0.40 signals=0
2026-10-06 09:05:31 | INFO    | mail_municipalities.provider_classification.runner:run:270 | --- Classification: 1 municipalities in 0.0s ---
2026-10-06 09:05:31 | INFO    | mail_municipalities.provider_classification.runner:run:271 |   US Cloud             1  (MS=0 Google=1 AWS=0)
2026-10-06 09:05:31 | INFO    | mail_municipalities.provider_classification.runner:run:278 |   Domestic             0
2026-10-06 09:05:31 | INFO    | mail_municipalities.provider_classification.runner:run:282 |   Foreign              0
2026-10-06 09:05:31 | INFO    | mail_municipalities.provider_classification.runner:run:286 |   Unknown/No MX        0
2026-10-06 09:05:31 | INFO    | mail_municipalities.provider_classification.runner:run:320 | Wrote /private/var/folders/_1/ps955n893vg4qk90_8vxwpph0000gn/T/pytest-of-sven/pytest-1/test_run_passthrough_fields0/providers.json (0.4130859375 KB)
2026-10-06 09:05:31 | INFO    | mail_municipalities.provider_classification.runner:run:321 | Wrote /private/var/folders/_1/ps955n893vg4qk90_8vxwpph0000gn/T/pytest-of-sven/pytest-1/test_run_passthrough_fields0/providers.min.json (0 KB)
2026-10-06 09:05:31 | DEBUG   | logging:callHandlers:1737 | Using selector: KqueueSelector
2026-10-06 09:05:31 | INFO    | mail_municipalities.provider_classification.runner:run:199 | Classifying 2 municipalities
2026-10-06 09:05:31 | INFO    | mail_municipalities.provider_classification.runner:run:243 | [   1/2] bern.ch: provider=ms365 confidence=0.40 signals=0
2026-10-06 09:05:31 | INFO    | mail_municipalities.provider_classification.runner:run:270 | --- Classification: 2 municipalities in 0.0s ---
2026-10-06 09:05:31 | INFO    | mail_municipalities.provider_classification.runner:run:271 |   US Cloud             1  (MS=1 Google=0 AWS=0)
2026-10-06 09:05:31 | INFO    | mail_municipalities.provider_classification.runner:run:278 |   Domestic             0
2026-10-06 09:05:31 | INFO    | mail_municipalities.provider_classification.runner:run:282 |   Foreign              0
2026-10-06 09:05:31 | INFO    | mail_municipalities.provider_classification.runner:run:286 |   Unknown/No MX        1
2026-10-06 09:05:31 | INFO    | mail_municipalities.provider_classification.runner:run:320 | Wrote /private/var/folders/_1/ps955n893vg4qk90_8vxwpph0000gn/T/pytest-of-sven/pytest-1/test_run_counts_in_output0/providers.json (0.5390625 KB)
2026-10-06 09:05:31 | INFO    | mail_municipalities.provider_classification.runner:run:321 | Wrote /private/var/folders/_1/ps955n893vg4qk90_8vxwpph0000gn/T/pytest-of-sven/pytest-1/test_run_counts_in_output0/providers.min.json (0 KB)
2026-10-06 09:05:31 | DEBUG   | logging:callHandlers:1737 | Using selector: KqueueSelector
2026-10-06 09:05:31 | INFO    | mail_municipalities.provider_classification.runner:run:199 | Classifying 2 municipalities
2026-10-06 09:05:31 | INFO    | mail_municipalities.provider_classification.runner:run:243 | [   1/2] bern.ch: provider=ms365 confidence=0.40 signals=1
2026-10-06 09:05:31 | INFO    | mail_municipalities.provider_classification.runner:run:270 | --- Classification: 2 municipalities in 0.0s ---
2026-10-06 09:05:31 | INFO    | mail_municipalities.provider_classification.runner:run:271 |   US Cloud             1  (MS=1 Google=0 AWS=0)
2026-10-06 09:05:31 | INFO    | mail_municipalities.provider_classification.runner:run:278 |   Domestic             0
2026-10-06 09:05:31 | INFO    | mail_municipalities.provider_classification.runner:run:282 |   Foreign              0
2026-10-06 09:05:31 | INFO    | mail_municipalities.provider_classification.runner:run:286 |   Unknown/No MX        1
2026-10-06 09:05:31 | INFO    | mail_municipalities.provider_classification.runner:run:320 | Wrote /private/var/folders/_1/ps955n893vg4qk90_8vxwpph0000gn/T/pytest-of-sven/pytest-1/test_run_writes_minified_outpu0/providers.json (0.6494140625 KB)
2026-10-06 09:05:31 | INFO    | mail_municipalities.provider_classification.runner:run:321 | Wrote /private/var/folders/_1/ps955n893vg4qk90_8vxwpph0000gn/T/pytest-of-sven/pytest-1/test_run_writes_minified_outpu0/providers.min.json (1 KB)
2026-10-06 09:05:31 | DEBUG   | logging:callHandlers:1737 | Using selector: KqueueSelector
2026-10-06 09:05:31 | INFO    | mail_municipalities.provider_classification.runner:run:199 | Classifying 1 municipalities
2026-10-06 09:05:31 | INFO    | mail_municipalities.provider_classification.runner:run:243 | [   1/1] bern.ch: provider=ms365 confidence=0.40 signals=0
2026-10-06 09:05:31 | INFO    | mail_municipalities.provider_classification.runner:run:270 | --- Classification: 1 municipalities in 0.0s ---
2026-10-06 09:05:31 | INFO    | mail_municipalities.provider_classification.runner:run:271 |   US Cloud             1  (MS=1 Google=0 AWS=0)
2026-10-06 09:05:31 | INFO    | mail_municipalities.provider_classification.runner:run:278 |   Domestic             0
2026-10-06 09:05:31 | INFO    | mail_municipalities.provider_classification.runner:run:282 |   Foreign              0
2026-10-06 09:05:31 | INFO    | mail_municipalities.provider_classification.runner:run:286 |   Unknown/No MX        0
2026-10-06 09:05:31 | INFO    | mail_municipalities.provider_classification.runner:run:320 | Wrote /private/var/folders/_1/ps955n893vg4qk90_8vxwpph0000gn/T/pytest-of-sven/pytest-1/test_logs_progress_messages0/providers.json (0.32421875 KB)
2026-10-06 09:05:31 | INFO    | mail_municipalities.provider_classification.runner:run:321 | Wrote /private/var/folders/_1/ps955n893vg4qk90_8vxwpph0000gn/T/pytest-of-sven/pytest-1/test_logs_progress_messages0/providers.min.json (0 KB)
2026-10-06 09:05:31 | DEBUG   | logging:callHandlers:1737 | Using selector: KqueueSelector
2026-10-06 09:05:31 | DEBUG   | logging:callHandlers:1737 | Using selector: KqueueSelector
2026-10-06 09:05:31 | DEBUG   | logging:callHandlers:1737 | Using selector: KqueueSelector
2026-10-06 09:05:31 | DEBUG   | logging:callHandlers:1737 | Using selector: KqueueSelector
2026-10-06 09:05:31 | DEBUG   | logging:callHandlers:1737 | Using selector: KqueueSelector
2026-10-06 09:05:31 | DEBUG   | logging:callHandlers:1737 | Using selector: KqueueSelector
2026-10-06 09:05:31 | DEBUG   | logging:callHandlers:1737 | Using selector: KqueueSelector
2026-10-06 09:05:31 | DEBUG   | logging:callHandlers:1737 | Using selector: KqueueSelector
2026-10-06 09:05:31 | DEBUG   | logging:callHandlers:1737 | Using selector: KqueueSelector
2026-10-06 09:05:31 | DEBUG   | logging:callHandlers:1737 | Using selector: KqueueSelector
2026-10-06 09:05:31 | DEBUG   | logging:callHandlers:1737 | Using selector: KqueueSelector
2026-10-06 09:05:31 | DEBUG   | logging:callHandlers:1737 | Using selector: KqueueSelector
2026-10-06 09:05:31 | DEBUG   | logging:callHandlers:1737 | Using selector: KqueueSelector
2026-10-06 09:05:32 | DEBUG   | logging:callHandlers:1737 | Using selector: KqueueSelector
2026-10-06 09:05:32 | DEBUG   | logging:callHandlers:1737 | Using selector: KqueueSelector
2026-10-06 09:05:32 | DEBUG   | logging:callHandlers:1737 | Using selector: KqueueSelector
2026-10-06 09:05:32 | DEBUG   | logging:callHandlers:1737 | Using selector: KqueueSelector
2026-10-06 09:05:32 | DEBUG   | logging:callHandlers:1737 | Using selector: KqueueSelector
2026-10-06 09:05:32 | DEBUG   | logging:callHandlers:1737 | Using selector: KqueueSelector
2026-10-06 09:05:32 | DEBUG   | logging:callHandlers:1737 | Using selector: KqueueSelector
2026-10-06 09:05:32 | DEBUG   | logging:callHandlers:1737 | Using selector: KqueueSelector
2026-10-06 09:05:32 | DEBUG   | logging:callHandlers:1737 | Using selector: KqueueSelector
2026-10-06 09:05:32 | DEBUG   | logging:callHandlers:1737 | Using selector: KqueueSelector
2026-10-06 09:05:32 | DEBUG   | logging:callHandlers:1737 | Using selector: KqueueSelector
2026-10-06 09:05:32 | DEBUG   | logging:callHandlers:1737 | Using selector: KqueueSelector
2026-10-06 09:05:32 | DEBUG   | logging:callHandlers:1737 | Using selector: KqueueSelector
2026-10-06 09:05:32 | DEBUG   | logging:callHandlers:1737 | Using selector: KqueueSelector
2026-10-06 09:05:32 | DEBUG   | logging:callHandlers:1737 | Using selector: KqueueSelector
2026-10-06 09:05:32 | DEBUG   | logging:callHandlers:1737 | Using selector: KqueueSelector
2026-10-06 09:05:32 | DEBUG   | logging:callHandlers:1737 | Using selector: KqueueSelector
2026-10-06 09:05:32 | DEBUG   | logging:callHandlers:1737 | Using selector: KqueueSelector
2026-10-06 09:05:32 | DEBUG   | logging:callHandlers:1737 | Using selector: KqueueSelector
2026-10-06 09:05:32 | DEBUG   | logging:callHandlers:1737 | Using selector: KqueueSelector
2026-10-06 09:05:32 | DEBUG   | logging:callHandlers:1737 | Using selector: KqueueSelector
2026-10-06 09:05:32 | DEBUG   | logging:callHandlers:1737 | Using selector: KqueueSelector
2026-10-06 09:05:32 | DEBUG   | logging:callHandlers:1737 | Using selector: KqueueSelector
2026-10-06 09:05:32 | DEBUG   | logging:callHandlers:1737 | Using selector: KqueueSelector
2026-10-06 09:05:32 | INFO    | mail_municipalities.security_analysis.runner:run:335 | Phase 1: Preparing scanner input for ch
2026-10-06 09:05:32 | INFO    | mail_municipalities.security_analysis.runner:prepare_scanner_input:81 | Prepared 2 unique domains for scanning from domains_ch.json
2026-10-06 09:05:32 | INFO    | mail_municipalities.security_analysis.runner:run:339 | Phase 2: Running security scanner (Docker)
2026-10-06 09:05:32 | INFO    | mail_municipalities.security_analysis.runner:run:342 | Scanner completed in 0.0s
2026-10-06 09:05:32 | INFO    | mail_municipalities.security_analysis.runner:run:345 | Phase 3: Running evaluator (Docker)
2026-10-06 09:05:32 | INFO    | mail_municipalities.security_analysis.runner:run:348 | Evaluator completed in 0.0s
2026-10-06 09:05:32 | INFO    | mail_municipalities.security_analysis.runner:run:351 | Phase 4: Checking MTA-STS policies (DNS/HTTPS)
2026-10-06 09:05:32 | DEBUG   | logging:callHandlers:1737 | Using selector: KqueueSelector
2026-10-06 09:05:32 | INFO    | mail_municipalities.security_analysis.runner:run:358 | Phase 5: Building output
2026-10-06 09:05:32 | INFO    | mail_municipalities.security_analysis.runner:run:373 | Wrote /private/var/folders/_1/ps955n893vg4qk90_8vxwpph0000gn/T/pytest-of-sven/pytest-1/test_full_runner_integration0/security_ch.json (1 KB)
2026-10-06 09:05:32 | INFO    | mail_municipalities.security_analysis.runner:run:374 | MTA-STS: 2 testing, 0 enforce, 0 disabled, 1 not configured, 0 invalid, 0 unreachable
2026-10-06 09:05:32 | INFO    | mail_municipalities.security_analysis.runner:run:381 | --- Security scan: 4 municipalities, 0 scanned, 0 with SPF, 0 with DMARC, 0 with DKIM ---
2026-10-06 09:05:32 | INFO    | mail_municipalities.security_analysis.runner:prepare_scanner_input:81 | Prepared 2 unique domains for scanning from domains_ch.json
2026-10-06 09:05:32 | INFO    | mail_municipalities.security_analysis.runner:prepare_scanner_input:81 | Prepared 2 unique domains for scanning from domains_ch.json
2026-10-06 09:05:32 | INFO    | mail_municipalities.security_analysis.runner:prepare_scanner_input:81 | Prepared 1 unique domains for scanning from domains_ch.json
2026-10-06 09:05:32 | INFO    | mail_municipalities.security_analysis.runner:prepare_scanner_input:81 | Prepared 1 unique domains for scanning from domains_ch.json
2026-10-06 09:05:32 | INFO    | mail_municipalities.security_analysis.runner:_load_security_overrides:215 | Loaded 1 security overrides from data/ch/security_overrides.json
2026-10-06 09:05:32 | WARNING | mail_municipalities.security_analysis.runner:_apply_security_overrides:228 | security override for 5591 but municipality not in results
2026-10-06 09:05:32 | INFO    | mail_municipalities.security_analysis.runner:build_output:290 | Security overrides: 1 available, 0 applied
2026-10-06 09:05:32 | INFO    | mail_municipalities.security_analysis.runner:_load_security_overrides:215 | Loaded 1 security overrides from data/ch/security_overrides.json
2026-10-06 09:05:32 | WARNING | mail_municipalities.security_analysis.runner:_apply_security_overrides:228 | security override for 5591 but municipality not in results
2026-10-06 09:05:32 | INFO    | mail_municipalities.security_analysis.runner:build_output:290 | Security overrides: 1 available, 0 applied
2026-10-06 09:05:32 | INFO    | mail_municipalities.security_analysis.runner:_load_security_overrides:215 | Loaded 1 security overrides from data/de/security_overrides.json
2026-10-06 09:05:32 | WARNING | mail_municipalities.security_analysis.runner:_load_security_overrides:211 | security override 111: missing 'source' field — skipped
2026-10-06 09:05:32 | INFO    | mail_municipalities.security_analysis.runner:_load_security_overrides:215 | Loaded 1 security overrides from data/de/security_overrides.json
2026-10-06 09:05:32 | INFO    | mail_municipalities.security_analysis.runner:_load_security_overrides:215 | Loaded 0 security overrides from data/de/security_overrides.json
2026-10-06 09:05:32 | WARNING | mail_municipalities.security_analysis.runner:_apply_security_overrides:228 | security override for 001 but municipality not in results
2026-10-06 09:05:32 | WARNING | mail_municipalities.security_analysis.runner:_apply_security_overrides:228 | security override for 99999 but municipality not in results
2026-10-06 09:05:32 | INFO    | mail_municipalities.security_analysis.runner:_load_security_overrides:215 | Loaded 1 security overrides from data/de/security_overrides.json
2026-10-06 09:05:32 | INFO    | mail_municipalities.security_analysis.runner:build_output:290 | Security overrides: 1 available, 1 applied
2026-10-06 09:05:32 | INFO    | mail_municipalities.security_analysis.runner:_load_security_overrides:215 | Loaded 1 security overrides from data/de/security_overrides.json
2026-10-06 09:05:32 | INFO    | mail_municipalities.security_analysis.runner:build_output:290 | Security overrides: 1 available, 1 applied
